,create_at,text,hashtag,retweet_count,favourite_count,user,geo,id
0,2023-08-28 10:14:04+00:00,"‡∏û‡∏±‡∏Å‡∏ú‡πà‡∏≠‡∏ô ‡πÅ‡∏•‡πâ‡∏ß‡πÑ‡∏õ‡∏ü‡∏±‡∏á‡πÄ‡∏™‡∏µ‡∏¢‡∏á‡∏Ñ‡∏•‡∏∑‡πà‡∏ô ‡πÄ‡∏ó‡πâ‡∏≤‡πÅ‡∏ï‡∏∞‡∏ô‡πâ‡∏≥‡∏ó‡∏∞‡πÄ‡∏• ‡∏õ‡∏•‡πà‡∏≠‡∏¢‡πÉ‡∏à‡πÑ‡∏õ‡∏Å‡∏±‡∏ö‡∏Ñ‡∏•‡∏∑‡πà‡∏ô‡∏ó‡∏∞‡πÄ‡∏•‡πÅ‡∏•‡∏∞‡∏î‡∏ß‡∏á‡∏≠‡∏≤‡∏ó‡∏¥‡∏ï‡∏¢‡πå 
#‡πÄ‡∏ó‡∏µ‡πà‡∏¢‡∏ß #‡πÄ‡∏ó‡∏µ‡πà‡∏¢‡∏ß‡πÑ‡∏ó‡∏¢ #‡πÄ‡∏ó‡∏µ‡πà‡∏¢‡∏ß‡πÑ‡∏õ‡πÄ‡∏£‡∏∑‡πà‡∏≠‡∏¢ #‡πÄ‡∏ó‡∏µ‡πà‡∏¢‡∏ß‡∏Ñ‡∏ô‡πÄ‡∏î‡∏µ‡∏¢‡∏ß #‡∏ó‡∏∞‡πÄ‡∏•‡∏Å‡∏£‡∏∞‡∏ö‡∏µ‡πà  #‡πÄ‡∏•‡∏¥‡∏Å‡∏Å‡∏±‡∏ô #‡∏ß‡∏¥‡∏ï‡∏Å‡∏Å‡∏±‡∏á‡∏ß‡∏• #‡∏ã‡∏∂‡∏°‡πÄ‡∏®‡∏£‡πâ‡∏≤ #‡∏ã‡∏∂‡∏°‡πÄ‡∏®‡∏£‡πâ‡∏≤üñ§ #‡∏ã‡∏∂‡∏°‡πÄ‡∏®‡∏£‡πâ‡∏≤‡∏ó‡∏µ‡πà‡πÑ‡∏°‡πà‡∏°‡∏µ‡πÉ‡∏Ñ‡∏£‡πÄ‡∏Ç‡πâ‡∏≤‡πÉ‡∏à #‡∏ã‡∏∂‡∏°‡πÄ‡∏®‡∏£‡πâ‡∏≤‡∏´‡∏•‡∏±‡∏á‡∏Ñ‡∏•‡∏≠‡∏î  #‡∏≠‡∏Å‡∏´‡∏±‡∏Å #‡∏ô‡∏≠‡∏ô‡πÑ‡∏°‡πà‡∏´‡∏•‡∏±‡∏ö
#‡∏ô‡∏ß‡∏î‡∏ô‡∏≠‡∏Å‡∏™‡∏ñ‡∏≤‡∏ô‡∏ó‡∏µ‡πà #‡∏´‡∏°‡∏≠‡∏ô‡∏ß‡∏î‡∏ä‡∏≤‡∏¢ https://t.co/0fz1LtzScb",,,,DeliverySpaTh,,1624368890557136897
1,2023-08-28 09:04:15+00:00,"üíï ‡∏™‡∏∏‡∏Ç‡∏†‡∏≤‡∏û‡πÉ‡∏à‡πÄ‡∏õ‡πá‡∏ô‡πÄ‡∏£‡∏∑‡πà‡∏≠‡∏á‡∏™‡∏≥‡∏Ñ‡∏±‡∏ç ‡πÅ‡∏≠‡∏õ BeDee ‡∏à‡∏≤‡∏Å‡πÄ‡∏Ñ‡∏£‡∏∑‡∏≠ BDMS ‡∏û‡∏£‡πâ‡∏≠‡∏°‡∏î‡∏π‡πÅ‡∏•‡∏™‡∏∏‡∏Ç‡∏†‡∏≤‡∏û‡πÉ‡∏à‡∏ô‡∏¥‡∏™‡∏¥‡∏ï‡∏ô‡∏±‡∏Å‡∏®‡∏∂‡∏Å‡∏©‡∏≤ ‡∏ó‡∏∏‡∏Å‡∏°‡∏´‡∏≤‡∏ß‡∏¥‡∏ó‡∏¢‡∏≤‡∏•‡∏±‡∏¢ ‡∏õ‡∏£‡∏∂‡∏Å‡∏©‡∏≤‡∏ü‡∏£‡∏µ 1 ‡∏Ñ‡∏£‡∏±‡πâ‡∏á ‡∏Å‡∏£‡∏≠‡∏Å‡πÇ‡∏Ñ‡πâ‡∏î CYMUNI

üì≤ ‡πÇ‡∏´‡∏•‡∏î‡πÅ‡∏≠‡∏õ https://t.co/ejwOD3upjy

#‡∏ã‡∏∂‡∏°‡πÄ‡∏®‡∏£‡πâ‡∏≤ #‡∏™‡∏∏‡∏Ç‡∏†‡∏≤‡∏û‡πÉ‡∏à #‡∏à‡∏¥‡∏ï‡πÅ‡∏û‡∏ó‡∏¢‡πå #‡∏´‡∏≤‡∏´‡∏°‡∏≠‡∏≠‡∏≠‡∏ô‡πÑ‡∏•‡∏ô‡πå #BeDee #CareYourMind https://t.co/CFpYjICJ3y",,,,BeDeebyBDMS,,1503217108091809793
2,2023-08-28 07:40:17+00:00,"RT @Manoy_c9: ‡∏™‡∏±‡∏ç‡∏ç‡∏≤‡∏ì‡∏ó‡∏µ‡πà‡∏ö‡πà‡∏á‡∏ö‡∏≠‡∏Å‡∏ß‡πà‡∏≤‡πÄ‡∏£‡∏≤‡πÄ‡∏Ñ‡∏£‡∏µ‡∏¢‡∏î‡∏°‡∏≤‡∏Å‡πÄ‡∏Å‡∏¥‡∏ô‡πÑ‡∏õ
- ‡πÄ‡∏á‡∏µ‡∏¢‡∏ö‡πÉ‡∏™‡πà‡∏Ñ‡∏ô‡∏≠‡∏∑‡πà‡∏ô‡πÅ‡∏ö‡∏ö‡πÑ‡∏°‡πà‡∏£‡∏π‡πâ‡∏ï‡∏±‡∏ß
- ‡∏™‡∏∏‡∏Ç‡∏Å‡∏±‡∏ö‡∏≠‡∏∞‡πÑ‡∏£‡πÑ‡∏°‡πà‡∏™‡∏∏‡∏î 
- ‡πÅ‡∏°‡πâ‡∏Å‡∏£‡∏∞‡∏ó‡∏±‡πà‡∏á‡∏™‡∏¥‡πà‡∏á‡∏ó‡∏µ‡πà‡πÄ‡∏£‡∏≤‡∏ä‡∏≠‡∏ö‡∏Å‡πá‡∏Æ‡∏µ‡∏•‡πÄ‡∏£‡∏≤‡πÑ‡∏°‡πà‡πÑ‡∏î‡πâ‚Ä¶",,,,BangxrNpha20059,,1658681950415228928
3,2023-08-28 07:32:18+00:00,"‡πÉ‡∏ô‡∏ß‡∏±‡∏ô‡∏ó‡∏µ‡πà‡∏â‡∏±‡∏ô‡∏õ‡πà‡∏ß‡∏¢‚Ä¶‡πÑ‡∏î‡πâ‡πÇ‡∏õ‡∏£‡∏î‡∏≠‡∏¢‡∏π‡πà‡∏Ç‡πâ‡∏≤‡∏á‡πÜ‡∏Å‡∏±‡∏ô‡∏î‡∏π‡πÅ‡∏•‡∏Å‡∏±‡∏ô‡πÑ‡∏î‡πâ‡πÑ‡∏´‡∏°‚Ä¶ ‡∏â‡∏±‡∏ô‡πÑ‡∏°‡πà‡∏≠‡∏¢‡∏≤‡∏Å‡∏≠‡∏¢‡∏π‡πà‡∏ï‡∏±‡∏ß‡∏Ñ‡∏ô‡πÄ‡∏î‡∏µ‡∏¢‡∏ß 

#‡πÇ‡∏£‡∏Ñ‡∏ã‡∏∂‡∏°‡πÄ‡∏®‡∏£‡πâ‡∏≤ #‡∏ã‡∏∂‡∏°‡πÄ‡∏®‡∏£‡πâ‡∏≤ #‡πÄ‡∏´‡∏á‡∏≤ #‡πÇ‡∏î‡∏î‡πÄ‡∏î‡∏µ‡πà‡∏¢‡∏ß #‡∏£‡πâ‡∏≠‡∏á‡πÑ‡∏´‡πâ",,,,Against2212,,1677176816350683136
4,2023-08-28 06:28:47+00:00,"RT @Manoy_c9: ‡∏™‡∏±‡∏ç‡∏ç‡∏≤‡∏ì‡∏ó‡∏µ‡πà‡∏ö‡πà‡∏á‡∏ö‡∏≠‡∏Å‡∏ß‡πà‡∏≤‡πÄ‡∏£‡∏≤‡πÄ‡∏Ñ‡∏£‡∏µ‡∏¢‡∏î‡∏°‡∏≤‡∏Å‡πÄ‡∏Å‡∏¥‡∏ô‡πÑ‡∏õ
- ‡πÄ‡∏á‡∏µ‡∏¢‡∏ö‡πÉ‡∏™‡πà‡∏Ñ‡∏ô‡∏≠‡∏∑‡πà‡∏ô‡πÅ‡∏ö‡∏ö‡πÑ‡∏°‡πà‡∏£‡∏π‡πâ‡∏ï‡∏±‡∏ß
- ‡∏™‡∏∏‡∏Ç‡∏Å‡∏±‡∏ö‡∏≠‡∏∞‡πÑ‡∏£‡πÑ‡∏°‡πà‡∏™‡∏∏‡∏î 
- ‡πÅ‡∏°‡πâ‡∏Å‡∏£‡∏∞‡∏ó‡∏±‡πà‡∏á‡∏™‡∏¥‡πà‡∏á‡∏ó‡∏µ‡πà‡πÄ‡∏£‡∏≤‡∏ä‡∏≠‡∏ö‡∏Å‡πá‡∏Æ‡∏µ‡∏•‡πÄ‡∏£‡∏≤‡πÑ‡∏°‡πà‡πÑ‡∏î‡πâ‚Ä¶",,,,dyuobvx_mnbv,,759608482773372929
5,2023-08-28 05:11:53+00:00,"RT @Against2212: ‡∏â‡∏±‡∏ô‡∏Å‡πá‡∏´‡∏≤‡∏ß‡∏¥‡∏ò‡∏µ‡∏ó‡∏µ‡πà‡∏à‡∏∞‡∏ó‡∏≥‡πÉ‡∏´‡πâ‡∏ï‡∏±‡∏ß‡πÄ‡∏≠‡∏á‡∏î‡∏µ‡∏Ç‡∏∂‡πâ‡∏ô‡πÄ‡∏´‡∏°‡∏∑‡∏≠‡∏ô‡∏Å‡∏±‡∏ô‚Ä¶
‡∏â‡∏±‡∏ô‡πÄ‡∏≠‡∏á‡∏Å‡πá‡πÑ‡∏°‡πà‡∏≠‡∏¢‡∏≤‡∏Å‡πÄ‡∏õ‡πá‡∏ô‡πÅ‡∏ö‡∏ö‡∏ô‡∏µ‡πâ üò¢

#‡πÇ‡∏£‡∏Ñ‡∏ã‡∏∂‡∏°‡πÄ‡∏®‡∏£‡πâ‡∏≤ #‡πÄ‡∏®‡∏£‡πâ‡∏≤ #‡∏≠‡∏Å‡∏´‡∏±‡∏Å #‡πÄ‡∏´‡∏á‡∏≤ #‡∏£‡πâ‡∏≠‡∏á‡πÑ‡∏´‡πâ #‡∏ã‡∏∂‡∏°‡πÄ‡∏®‚Ä¶",,,,CNX61531295,,1381339994103554048
6,2023-08-28 05:11:27+00:00,"‡∏ó‡πâ‡∏≠‡∏á‡∏ü‡πâ‡∏≤‡∏™‡∏î‡πÉ‡∏™.. ‡πÅ‡∏ï‡πà‡∏†‡∏≤‡∏¢‡πÉ‡∏ô‡πÉ‡∏à‡∏°‡∏∑‡∏î‡∏°‡∏ô‡πÄ‡∏´‡∏•‡∏∑‡∏≠‡πÄ‡∏Å‡∏¥‡∏ôüòû

#‡πÇ‡∏£‡∏Ñ‡∏ã‡∏∂‡∏°‡πÄ‡∏®‡∏£‡πâ‡∏≤ #‡∏ã‡∏∂‡∏°‡πÄ‡∏®‡∏£‡πâ‡∏≤ #‡∏£‡πâ‡∏≠‡∏á‡πÑ‡∏´‡πâ #‡πÄ‡∏®‡∏£‡πâ‡∏≤ https://t.co/ov7EMxXYc1",,,,Against2212,,1677176816350683136
7,2023-08-28 02:45:49+00:00,"RT @Manoy_c9: ‡∏™‡∏±‡∏ç‡∏ç‡∏≤‡∏ì‡∏ó‡∏µ‡πà‡∏ö‡πà‡∏á‡∏ö‡∏≠‡∏Å‡∏ß‡πà‡∏≤‡πÄ‡∏£‡∏≤‡πÄ‡∏Ñ‡∏£‡∏µ‡∏¢‡∏î‡∏°‡∏≤‡∏Å‡πÄ‡∏Å‡∏¥‡∏ô‡πÑ‡∏õ
- ‡πÄ‡∏á‡∏µ‡∏¢‡∏ö‡πÉ‡∏™‡πà‡∏Ñ‡∏ô‡∏≠‡∏∑‡πà‡∏ô‡πÅ‡∏ö‡∏ö‡πÑ‡∏°‡πà‡∏£‡∏π‡πâ‡∏ï‡∏±‡∏ß
- ‡∏™‡∏∏‡∏Ç‡∏Å‡∏±‡∏ö‡∏≠‡∏∞‡πÑ‡∏£‡πÑ‡∏°‡πà‡∏™‡∏∏‡∏î 
- ‡πÅ‡∏°‡πâ‡∏Å‡∏£‡∏∞‡∏ó‡∏±‡πà‡∏á‡∏™‡∏¥‡πà‡∏á‡∏ó‡∏µ‡πà‡πÄ‡∏£‡∏≤‡∏ä‡∏≠‡∏ö‡∏Å‡πá‡∏Æ‡∏µ‡∏•‡πÄ‡∏£‡∏≤‡πÑ‡∏°‡πà‡πÑ‡∏î‡πâ‚Ä¶",,,,Shop15111Tplus,,1634497384691683328
8,2023-08-28 02:00:31+00:00,"#‡πÇ‡∏£‡∏Ñ‡∏Å‡∏•‡∏±‡∏ß‡∏ï‡∏±‡∏ß‡πÄ‡∏≠‡∏á‡∏î‡∏µ‡πÑ‡∏°‡πà‡∏û‡∏≠ ‡∏´‡∏£‡∏∑‡∏≠ ‡∏≠‡∏≤‡∏Å‡∏≤‡∏£ Atelophobia üòî ‡∏à‡∏∞‡∏°‡∏µ‡∏ô‡∏¥‡∏™‡∏±‡∏¢‡∏Ñ‡∏≤‡∏î‡∏´‡∏ß‡∏±‡∏á‡πÉ‡∏´‡πâ‡∏ó‡∏∏‡∏Å‡∏≠‡∏¢‡πà‡∏≤‡∏á‡∏™‡∏°‡∏ö‡∏π‡∏£‡∏ì‡πå‡πÅ‡∏ö‡∏ö ‡πÅ‡∏•‡∏∞‡∏ñ‡πâ‡∏≤‡∏ú‡∏•‡∏•‡∏±‡∏û‡∏ò‡πå‡∏≠‡∏≠‡∏Å‡∏°‡∏≤‡πÑ‡∏°‡πà‡∏ï‡∏£‡∏á‡∏Å‡∏±‡∏ö‡∏ó‡∏µ‡πà‡∏Ñ‡∏≤‡∏î‡∏´‡∏ß‡∏±‡∏á‡∏Å‡πá‡∏à‡∏∞‡∏£‡∏π‡πâ‡∏™‡∏∂‡∏Å‡∏•‡πâ‡∏°‡πÄ‡∏´‡∏•‡∏ß ‡πÅ‡∏•‡∏∞‡∏°‡∏µ‡∏Ñ‡∏ß‡∏≤‡∏°‡πÄ‡∏™‡∏µ‡πà‡∏¢‡∏á‡πÄ‡∏õ‡πá‡∏ô ""‡∏†‡∏≤‡∏ß‡∏∞‡∏ã‡∏∂‡∏°‡πÄ‡∏®‡∏£‡πâ‡∏≤"" 
‚≠ê ‡∏Ç‡∏≠‡∏ö‡∏Ñ‡∏∏‡∏ì‡∏Ç‡πâ‡∏≠‡∏°‡∏π‡∏•‡∏à‡∏≤‡∏Å &gt;&gt; https://t.co/OcP2IaqyEv
#PROXUMER #PROMOTION #‡πÇ‡∏õ‡∏£‡πÇ‡∏°‡∏ä‡∏±‡πà‡∏ô #‡∏ß‡∏¥‡∏à‡∏±‡∏¢ #‡∏ã‡∏∂‡∏°‡πÄ‡∏®‡∏£‡πâ‡∏≤ https://t.co/JP6p1wd3G1",,,,proxumer,,856823519107317760
9,2023-08-28 01:02:17+00:00,RT @am2024444: üåäü´ß #17‡∏õ‡∏µ #‡∏•‡∏π‡∏Å‡∏Ñ‡∏£‡∏∂‡πà‡∏á‡∏≠‡∏±‡∏á‡∏Å‡∏§‡∏© #‡∏™‡∏†‡∏≤‡∏û‡∏à‡∏¥‡∏ï‡πÉ‡∏à‡∏ï‡∏¥‡∏î‡∏•‡∏ö #‡∏ã‡∏∂‡∏°‡πÄ‡∏®‡∏£‡πâ‡∏≤  ‚úåüèº https://t.co/uqYRTZyP2Z,,,,G6Two,,1603759054446555137
10,2023-08-28 01:02:12+00:00,RT @HavingSexAt: ‡∏Ñ‡∏ô‡∏£‡∏±‡∏Å‡∏Å‡∏±‡∏ô ‡∏ñ‡πâ‡∏≤‡∏®‡∏µ‡∏•‡πÑ‡∏°‡πà‡πÄ‡∏™‡∏°‡∏≠‡∏Å‡∏±‡∏ô ‡∏™‡∏∏‡∏î‡∏ó‡πâ‡∏≤‡∏¢‡∏°‡∏±‡∏ô‡∏ï‡πâ‡∏≠‡∏á‡∏à‡∏ö‡∏•‡∏á‡∏≠‡∏¢‡∏π‡πà‡∏î‡∏µ ‡πÅ‡∏ï‡πà‡πÅ‡∏õ‡∏•‡∏Å‡∏ó‡∏µ‡πà‡πÄ‡∏£‡∏≤‡∏¢‡∏≠‡∏°‡∏•‡∏î‡∏Ñ‡∏ß‡∏≤‡∏°‡∏î‡∏µ‡∏•‡∏á‡πÄ‡∏û‡∏∑‡πà‡∏≠‡πÉ‡∏´‡πâ‡πÑ‡∏î‡πâ‡∏≠‡∏¢‡∏π‡πà‡∏î‡πâ‡∏ß‡∏¢‡∏Å‡∏±‡∏ô‡∏ô‡∏≤‡∏ô‡πÜ ‡∏ö‡∏≤‡∏á‡∏Ñ‡∏£‡∏±‡πâ‡∏á‡∏Å‡πá‡πÅ‡∏≠‡∏ö‡∏Ñ‡∏¥‡∏î‡∏ß‡πà‚Ä¶,,,,NGSx3Ar2HiRzLV0,,1293110733962489856
11,2023-08-28 00:56:34+00:00,RT @am2024444: üåäü´ß #17‡∏õ‡∏µ #‡∏•‡∏π‡∏Å‡∏Ñ‡∏£‡∏∂‡πà‡∏á‡∏≠‡∏±‡∏á‡∏Å‡∏§‡∏© #‡∏™‡∏†‡∏≤‡∏û‡∏à‡∏¥‡∏ï‡πÉ‡∏à‡∏ï‡∏¥‡∏î‡∏•‡∏ö #‡∏ã‡∏∂‡∏°‡πÄ‡∏®‡∏£‡πâ‡∏≤  ‚úåüèº https://t.co/uqYRTZyP2Z,,,,CloudMaxman,,1119679529511841793
12,2023-08-28 00:45:56+00:00,RT @am2024444: üåäü´ß #17‡∏õ‡∏µ #‡∏•‡∏π‡∏Å‡∏Ñ‡∏£‡∏∂‡πà‡∏á‡∏≠‡∏±‡∏á‡∏Å‡∏§‡∏© #‡∏™‡∏†‡∏≤‡∏û‡∏à‡∏¥‡∏ï‡πÉ‡∏à‡∏ï‡∏¥‡∏î‡∏•‡∏ö #‡∏ã‡∏∂‡∏°‡πÄ‡∏®‡∏£‡πâ‡∏≤  ‚úåüèº https://t.co/uqYRTZyP2Z,,,,9zhVM1qxGwkv4lv,,928023871629926400
13,2023-08-28 00:08:36+00:00,"RT @YcDrugstore: #‡∏ß‡∏±‡∏ô‡∏ô‡∏µ‡πâ‡∏Ñ‡∏∏‡∏ì‡∏£‡∏π‡πâ‡∏™‡∏∂‡∏Å‡∏≠‡∏¢‡πà‡∏≤‡∏á‡πÑ‡∏£

#‡∏à‡∏¥‡∏ï‡πÉ‡∏à #‡∏ã‡∏∂‡∏°‡πÄ‡∏®‡∏£‡πâ‡∏≤ #‡∏™‡∏∏‡∏Ç #‡∏ó‡∏∏‡∏Å‡∏Ç‡πå #‡∏õ‡∏£‡∏∞‡∏´‡∏•‡∏≤‡∏î‡πÉ‡∏à #‡∏£‡∏π‡πâ‡∏™‡∏∂‡∏Å‡πÅ‡∏¢‡πà #‡πÇ‡∏Å‡∏£‡∏ò #‡πÄ‡∏™‡∏µ‡∏¢‡πÉ‡∏à #‡∏£‡∏±‡∏á‡πÄ‡∏Å‡∏µ‡∏¢‡∏à #‡∏Å‡∏•‡∏±‡∏ß https://t.co/N46‚Ä¶",,,,YcDrugstore,,1475638270633472000
14,2023-08-28 00:00:01+00:00,"‡∏à‡∏á‡∏≠‡∏ô‡∏∏‡∏ç‡∏≤‡∏ï‡πÉ‡∏´‡πâ‡∏†‡∏£‡∏£‡∏¢‡∏≤
‡πÑ‡∏î‡πâ‡∏™‡∏∑‡πà‡∏≠‡∏™‡∏≤‡∏£‡πÉ‡∏ô‡∏™‡∏¥‡πà‡∏á‡∏ó‡∏µ‡πà‡πÄ‡∏Ç‡∏≤‡∏Ñ‡∏¥‡∏î
‡πÉ‡∏´‡πâ‡πÄ‡∏Ç‡∏≤‡πÑ‡∏î‡πâ‡∏û‡∏π‡∏î‡πÉ‡∏ô‡∏™‡∏¥‡πà‡∏á‡∏ó‡∏µ‡πà‡πÄ‡∏Ç‡∏≤‡∏£‡∏π‡πâ‡∏™‡∏∂‡∏Å
.
‡∏£‡∏±‡∏Å‡πÅ‡∏•‡∏∞‡∏´‡πà‡∏ß‡∏á‡πÉ‡∏¢
‡πÇ‡∏Ñ‡πâ‡∏ä‡∏≠‡∏≤‡∏î‡∏¥‡∏ô‡∏±‡∏ô‡∏ó‡πå
......................
#‡∏ã‡∏∂‡∏°‡πÄ‡∏®‡∏£‡πâ‡∏≤ #‡∏Ñ‡∏ß‡∏≤‡∏°‡∏£‡∏±‡∏Å #‡∏Ñ‡∏π‡πà‡∏ä‡∏µ‡∏ß‡∏¥‡∏ï #coachadinan https://t.co/go5y95RQQt",,,,Coach_Adinan,,1607594591179661312
15,2023-08-27 21:41:16+00:00,RT @HavingSexAt: ‡∏Ñ‡∏ô‡∏£‡∏±‡∏Å‡∏Å‡∏±‡∏ô ‡∏ñ‡πâ‡∏≤‡∏®‡∏µ‡∏•‡πÑ‡∏°‡πà‡πÄ‡∏™‡∏°‡∏≠‡∏Å‡∏±‡∏ô ‡∏™‡∏∏‡∏î‡∏ó‡πâ‡∏≤‡∏¢‡∏°‡∏±‡∏ô‡∏ï‡πâ‡∏≠‡∏á‡∏à‡∏ö‡∏•‡∏á‡∏≠‡∏¢‡∏π‡πà‡∏î‡∏µ ‡πÅ‡∏ï‡πà‡πÅ‡∏õ‡∏•‡∏Å‡∏ó‡∏µ‡πà‡πÄ‡∏£‡∏≤‡∏¢‡∏≠‡∏°‡∏•‡∏î‡∏Ñ‡∏ß‡∏≤‡∏°‡∏î‡∏µ‡∏•‡∏á‡πÄ‡∏û‡∏∑‡πà‡∏≠‡πÉ‡∏´‡πâ‡πÑ‡∏î‡πâ‡∏≠‡∏¢‡∏π‡πà‡∏î‡πâ‡∏ß‡∏¢‡∏Å‡∏±‡∏ô‡∏ô‡∏≤‡∏ô‡πÜ ‡∏ö‡∏≤‡∏á‡∏Ñ‡∏£‡∏±‡πâ‡∏á‡∏Å‡πá‡πÅ‡∏≠‡∏ö‡∏Ñ‡∏¥‡∏î‡∏ß‡πà‚Ä¶,,,,gogo1232540,,1657217089218965504
16,2023-08-27 21:13:15+00:00,RT @am2024444: üåäü´ß #17‡∏õ‡∏µ #‡∏•‡∏π‡∏Å‡∏Ñ‡∏£‡∏∂‡πà‡∏á‡∏≠‡∏±‡∏á‡∏Å‡∏§‡∏© #‡∏™‡∏†‡∏≤‡∏û‡∏à‡∏¥‡∏ï‡πÉ‡∏à‡∏ï‡∏¥‡∏î‡∏•‡∏ö #‡∏ã‡∏∂‡∏°‡πÄ‡∏®‡∏£‡πâ‡∏≤  ‚úåüèº https://t.co/uqYRTZyP2Z,,,,Boy02576064,,1200020695708626946
17,2023-08-27 21:05:24+00:00,üåäü´ß #17‡∏õ‡∏µ #‡∏•‡∏π‡∏Å‡∏Ñ‡∏£‡∏∂‡πà‡∏á‡∏≠‡∏±‡∏á‡∏Å‡∏§‡∏© #‡∏™‡∏†‡∏≤‡∏û‡∏à‡∏¥‡∏ï‡πÉ‡∏à‡∏ï‡∏¥‡∏î‡∏•‡∏ö #‡∏ã‡∏∂‡∏°‡πÄ‡∏®‡∏£‡πâ‡∏≤  ‚úåüèº https://t.co/uqYRTZyP2Z,,,,am2024444,,1509882189156327426
18,2023-08-27 18:56:52+00:00,"RT @AAowase: ‡∏´‡∏≤‡∏¢‡πÑ‡∏õ‡∏ô‡∏≤‡∏ô..‡∏Å‡∏±‡∏ö‡∏≠‡∏≤‡∏Å‡∏≤‡∏£‡∏î‡∏¥‡πà‡∏á
‡πÑ‡∏°‡πà‡∏£‡∏π‡πâ‡∏à‡∏∞‡πÄ‡∏£‡∏µ‡∏¢‡∏Å‡∏ß‡πà‡∏≤‡∏î‡∏¥‡πà‡∏á‡πÑ‡∏î‡πâ‡∏°‡∏±‡πâ‡∏¢ ‡πÅ‡∏ï‡πà‡πÅ‡∏Ñ‡πà‡∏£‡∏π‡πâ‡∏™‡∏∂‡∏Å‡πÄ‡∏´‡∏ô‡∏∑‡πà‡∏≠‡∏¢‡∏Å‡∏±‡∏ö‡∏ó‡∏∏‡∏Å‡∏≠‡∏¢‡πà‡∏≤‡∏á ‡∏ó‡πâ‡∏≠‡πÅ‡∏ó‡πâ‡∏Å‡∏±‡∏ö‡∏ä‡∏µ‡∏ß‡∏¥‡∏ï ‡∏à‡∏ô‡∏Ñ‡∏¥‡∏î‡∏ß‡πà‡∏≤‡πÑ‡∏°‡πà‡∏ô‡πà‡∏≤‡πÄ‡∏Å‡∏¥‡∏î‡∏°‡∏≤‡πÄ‡∏õ‡πá‡∏ô‡∏Ñ‡∏ô‡πÄ‡∏•‡∏¢‚Ä¶",,,,Hu68833187,,1585519189657124864
19,2023-08-27 18:56:27+00:00,RT @HavingSexAt: ‡∏Ñ‡∏ô‡∏£‡∏±‡∏Å‡∏Å‡∏±‡∏ô ‡∏ñ‡πâ‡∏≤‡∏®‡∏µ‡∏•‡πÑ‡∏°‡πà‡πÄ‡∏™‡∏°‡∏≠‡∏Å‡∏±‡∏ô ‡∏™‡∏∏‡∏î‡∏ó‡πâ‡∏≤‡∏¢‡∏°‡∏±‡∏ô‡∏ï‡πâ‡∏≠‡∏á‡∏à‡∏ö‡∏•‡∏á‡∏≠‡∏¢‡∏π‡πà‡∏î‡∏µ ‡πÅ‡∏ï‡πà‡πÅ‡∏õ‡∏•‡∏Å‡∏ó‡∏µ‡πà‡πÄ‡∏£‡∏≤‡∏¢‡∏≠‡∏°‡∏•‡∏î‡∏Ñ‡∏ß‡∏≤‡∏°‡∏î‡∏µ‡∏•‡∏á‡πÄ‡∏û‡∏∑‡πà‡∏≠‡πÉ‡∏´‡πâ‡πÑ‡∏î‡πâ‡∏≠‡∏¢‡∏π‡πà‡∏î‡πâ‡∏ß‡∏¢‡∏Å‡∏±‡∏ô‡∏ô‡∏≤‡∏ô‡πÜ ‡∏ö‡∏≤‡∏á‡∏Ñ‡∏£‡∏±‡πâ‡∏á‡∏Å‡πá‡πÅ‡∏≠‡∏ö‡∏Ñ‡∏¥‡∏î‡∏ß‡πà‚Ä¶,,,,hrrmchti13,,1569843303440613377
20,2023-08-27 18:23:50+00:00,"‡∏Ñ‡∏ô‡∏£‡∏±‡∏Å‡∏Å‡∏±‡∏ô ‡∏ñ‡πâ‡∏≤‡∏®‡∏µ‡∏•‡πÑ‡∏°‡πà‡πÄ‡∏™‡∏°‡∏≠‡∏Å‡∏±‡∏ô ‡∏™‡∏∏‡∏î‡∏ó‡πâ‡∏≤‡∏¢‡∏°‡∏±‡∏ô‡∏ï‡πâ‡∏≠‡∏á‡∏à‡∏ö‡∏•‡∏á‡∏≠‡∏¢‡∏π‡πà‡∏î‡∏µ ‡πÅ‡∏ï‡πà‡πÅ‡∏õ‡∏•‡∏Å‡∏ó‡∏µ‡πà‡πÄ‡∏£‡∏≤‡∏¢‡∏≠‡∏°‡∏•‡∏î‡∏Ñ‡∏ß‡∏≤‡∏°‡∏î‡∏µ‡∏•‡∏á‡πÄ‡∏û‡∏∑‡πà‡∏≠‡πÉ‡∏´‡πâ‡πÑ‡∏î‡πâ‡∏≠‡∏¢‡∏π‡πà‡∏î‡πâ‡∏ß‡∏¢‡∏Å‡∏±‡∏ô‡∏ô‡∏≤‡∏ô‡πÜ ‡∏ö‡∏≤‡∏á‡∏Ñ‡∏£‡∏±‡πâ‡∏á‡∏Å‡πá‡πÅ‡∏≠‡∏ö‡∏Ñ‡∏¥‡∏î‡∏ß‡πà‡∏≤‡πÄ‡∏£‡∏≤‡πÑ‡∏°‡πà‡∏£‡∏±‡∏Å‡∏ï‡∏±‡∏ß‡πÄ‡∏≠‡∏á‡πÄ‡∏•‡∏¢ ‡πÄ‡∏£‡∏≤‡∏≠‡∏¢‡∏π‡πà‡πÉ‡∏ô‡∏à‡∏∏‡∏î‡∏ó‡∏µ‡πà‡∏ä‡∏±‡πâ‡∏á‡πÉ‡∏à‡∏ß‡πà‡∏≤‡∏à‡∏∞‡πÑ‡∏õ‡∏ó‡∏≤‡∏á‡πÑ‡∏´‡∏ô‡∏î‡∏µ ‡πÅ‡∏•‡πâ‡∏ß‡πÄ‡∏£‡∏≤‡∏Å‡πá‡πÄ‡∏ú‡∏•‡∏≠‡∏Ñ‡∏¥‡∏î‡∏Ç‡∏∂‡πâ‡∏ô‡∏°‡∏≤‡πÑ‡∏î‡πâ‡∏ß‡πà‡∏≤‡∏≠‡∏¢‡∏≤‡∏Å‡πÄ‡∏õ‡πá‡∏ô‡∏Ñ‡∏ô‡πÄ‡∏î‡∏¥‡∏°‡∏ó‡∏µ‡πà‡∏î‡∏µ‡∏Å‡∏ß‡πà‡∏≤‡∏ô‡∏µ‡πâ üòÆ‚Äçüí®
#‡∏Ñ‡∏ß‡∏≤‡∏°‡∏£‡∏±‡∏Å #‡∏ã‡∏∂‡∏°‡πÄ‡∏®‡∏£‡πâ‡∏≤ #‡∏Ñ‡∏¥‡∏î‡∏°‡∏≤‡∏Å",,,,HavingSexAt,,1606125079577776128
21,2023-08-27 17:27:32+00:00,"RT @Manoy_c9: ; ‡∏ï‡∏≠‡∏ô‡∏ó‡∏µ‡πà‡∏´‡∏•‡∏±‡∏ö‡∏™‡∏ô‡∏¥‡∏ó ‡∏≠‡∏≤‡∏à‡πÄ‡∏õ‡πá‡∏ô‡∏ï‡∏≠‡∏ô‡∏ó‡∏µ‡πà‡∏°‡∏µ‡∏Ñ‡∏ß‡∏≤‡∏°‡∏™‡∏∏‡∏Ç‡∏ó‡∏µ‡πà‡∏™‡∏∏‡∏î‡πÉ‡∏ô‡∏ä‡∏µ‡∏ß‡∏¥‡∏ï‡∏Å‡πá‡πÑ‡∏î‡πâ ‡πÄ‡∏û‡∏£‡∏≤‡∏∞‡πÑ‡∏°‡πà‡∏ï‡πâ‡∏≠‡∏á‡∏£‡∏±‡∏ö‡∏£‡∏π‡πâ‡∏≠‡∏∞‡πÑ‡∏£ ;(
#‡∏ã‡∏∂‡∏°‡πÄ‡∏®‡∏£‡πâ‡∏≤ #‡∏ã‡∏∂‡∏°‡πÄ‡∏®‡∏£‡πâ‡∏≤‡πÄ‡∏û‡∏∑‡πà‡∏≠‡∏ô‡∏£‡∏±‡∏Å #‡πÇ‡∏£‡∏Ñ‡∏ã‡∏∂‡∏°‡πÄ‡∏®‡∏£‡πâ‡∏≤",,,,Khunsbilly,,1563889891200548864
22,2023-08-27 15:36:40+00:00,"RT @chewycloudbake: üôèüèº‡πÉ‡∏Ñ‡∏£‡πÄ‡∏´‡πá‡∏ô‡∏ù‡∏≤‡∏Å rt ‡∏´‡∏ô‡πà‡∏≠‡∏¢‡∏ô‡∏∞‡∏Ñ‡∏∞

‡∏û‡∏£‡πâ‡∏≠‡∏°‡∏™‡πà‡∏á #‡∏Ç‡∏ô‡∏°‡πÇ‡∏Æ‡∏°‡πÄ‡∏°‡∏î ‡∏≠‡∏£‡πà‡∏≠‡∏¢‡∏à‡∏£‡∏¥‡∏á!ü™Ñ
‡∏£‡∏≠‡∏ö‡∏™‡πà‡∏á‡∏†‡∏≤‡∏¢‡πÉ‡∏ô 1-2 ‡∏ß‡∏±‡∏ô #‡∏≠‡∏£‡πà‡∏≠‡∏¢‡∏ö‡∏≠‡∏Å‡∏ï‡πà‡∏≠ ‡∏ï‡πâ‡∏≠‡∏á‡∏•‡∏≠‡∏á!
üßà‡πÉ‡∏ä‡πâ‡πÄ‡∏ô‡∏¢‡πÅ‡∏ó‡πâ 100% ‡πÅ‡∏•‚Ä¶",,,,fxsriq0c,,1390333217996115972
23,2023-08-27 14:46:57+00:00,"RT @chewycloudbake: üôèüèº‡πÉ‡∏Ñ‡∏£‡πÄ‡∏´‡πá‡∏ô‡∏ù‡∏≤‡∏Å rt ‡∏´‡∏ô‡πà‡∏≠‡∏¢‡∏ô‡∏∞‡∏Ñ‡∏∞

‡∏û‡∏£‡πâ‡∏≠‡∏°‡∏™‡πà‡∏á #‡∏Ç‡∏ô‡∏°‡πÇ‡∏Æ‡∏°‡πÄ‡∏°‡∏î ‡∏≠‡∏£‡πà‡∏≠‡∏¢‡∏à‡∏£‡∏¥‡∏á!ü™Ñ
‡∏£‡∏≠‡∏ö‡∏™‡πà‡∏á‡∏†‡∏≤‡∏¢‡πÉ‡∏ô 1-2 ‡∏ß‡∏±‡∏ô #‡∏≠‡∏£‡πà‡∏≠‡∏¢‡∏ö‡∏≠‡∏Å‡∏ï‡πà‡∏≠ ‡∏ï‡πâ‡∏≠‡∏á‡∏•‡∏≠‡∏á!
üßà‡πÉ‡∏ä‡πâ‡πÄ‡∏ô‡∏¢‡πÅ‡∏ó‡πâ 100% ‡πÅ‡∏•‚Ä¶",,,,promsan_,,1243735391363928064
24,2023-08-27 13:35:29+00:00,"RT @chewycloudbake: üôèüèº‡πÉ‡∏Ñ‡∏£‡πÄ‡∏´‡πá‡∏ô‡∏ù‡∏≤‡∏Å rt ‡∏´‡∏ô‡πà‡∏≠‡∏¢‡∏ô‡∏∞‡∏Ñ‡∏∞

‡∏û‡∏£‡πâ‡∏≠‡∏°‡∏™‡πà‡∏á #‡∏Ç‡∏ô‡∏°‡πÇ‡∏Æ‡∏°‡πÄ‡∏°‡∏î ‡∏≠‡∏£‡πà‡∏≠‡∏¢‡∏à‡∏£‡∏¥‡∏á!ü™Ñ
‡∏£‡∏≠‡∏ö‡∏™‡πà‡∏á‡∏†‡∏≤‡∏¢‡πÉ‡∏ô 1-2 ‡∏ß‡∏±‡∏ô #‡∏≠‡∏£‡πà‡∏≠‡∏¢‡∏ö‡∏≠‡∏Å‡∏ï‡πà‡∏≠ ‡∏ï‡πâ‡∏≠‡∏á‡∏•‡∏≠‡∏á!
üßà‡πÉ‡∏ä‡πâ‡πÄ‡∏ô‡∏¢‡πÅ‡∏ó‡πâ 100% ‡πÅ‡∏•‚Ä¶",,,,_apeach1,,1018012023152496640
25,2023-08-27 13:30:57+00:00,"‡∏ñ‡πâ‡∏≤‡πÑ‡∏°‡πà‡∏£‡∏±‡∏Å‡∏Å‡∏±‡∏ô‡∏Å‡πá‡πÅ‡∏Ñ‡πà‡∏ö‡∏≠‡∏Å‡∏ï‡∏£‡∏á‡πÜ ‡∏≠‡∏¢‡πà‡∏≤‡πÅ‡∏™‡∏î‡∏á‡∏≠‡∏≠‡∏Å‡∏î‡πâ‡∏ß‡∏¢‡∏Ñ‡∏ß‡∏≤‡∏°‡πÄ‡∏â‡∏¢‡∏â‡∏≤‡πÄ‡∏•‡∏¢...

#‡πÇ‡∏£‡∏Ñ‡∏ã‡∏∂‡∏°‡πÄ‡∏®‡∏£‡πâ‡∏≤ #‡∏£‡πâ‡∏≠‡∏á‡πÑ‡∏´‡πâ #‡πÄ‡∏´‡∏á‡∏≤ #‡πÄ‡∏™‡∏µ‡∏¢‡πÉ‡∏à #‡∏ã‡∏∂‡∏°‡πÄ‡∏®‡∏£‡πâ‡∏≤",,,,Against2212,,1677176816350683136
26,2023-08-27 13:17:57+00:00,"RT @chewycloudbake: üôèüèº‡πÉ‡∏Ñ‡∏£‡πÄ‡∏´‡πá‡∏ô‡∏ù‡∏≤‡∏Å rt ‡∏´‡∏ô‡πà‡∏≠‡∏¢‡∏ô‡∏∞‡∏Ñ‡∏∞

‡∏û‡∏£‡πâ‡∏≠‡∏°‡∏™‡πà‡∏á #‡∏Ç‡∏ô‡∏°‡πÇ‡∏Æ‡∏°‡πÄ‡∏°‡∏î ‡∏≠‡∏£‡πà‡∏≠‡∏¢‡∏à‡∏£‡∏¥‡∏á!ü™Ñ
‡∏£‡∏≠‡∏ö‡∏™‡πà‡∏á‡∏†‡∏≤‡∏¢‡πÉ‡∏ô 1-2 ‡∏ß‡∏±‡∏ô #‡∏≠‡∏£‡πà‡∏≠‡∏¢‡∏ö‡∏≠‡∏Å‡∏ï‡πà‡∏≠ ‡∏ï‡πâ‡∏≠‡∏á‡∏•‡∏≠‡∏á!
üßà‡πÉ‡∏ä‡πâ‡πÄ‡∏ô‡∏¢‡πÅ‡∏ó‡πâ 100% ‡πÅ‡∏•‚Ä¶",,,,KodyWan1,,1170978281283153925
27,2023-08-27 12:58:26+00:00,"RT @chewycloudbake: üôèüèº‡πÉ‡∏Ñ‡∏£‡πÄ‡∏´‡πá‡∏ô‡∏ù‡∏≤‡∏Å rt ‡∏´‡∏ô‡πà‡∏≠‡∏¢‡∏ô‡∏∞‡∏Ñ‡∏∞

‡∏û‡∏£‡πâ‡∏≠‡∏°‡∏™‡πà‡∏á #‡∏Ç‡∏ô‡∏°‡πÇ‡∏Æ‡∏°‡πÄ‡∏°‡∏î ‡∏≠‡∏£‡πà‡∏≠‡∏¢‡∏à‡∏£‡∏¥‡∏á!ü™Ñ
‡∏£‡∏≠‡∏ö‡∏™‡πà‡∏á‡∏†‡∏≤‡∏¢‡πÉ‡∏ô 1-2 ‡∏ß‡∏±‡∏ô #‡∏≠‡∏£‡πà‡∏≠‡∏¢‡∏ö‡∏≠‡∏Å‡∏ï‡πà‡∏≠ ‡∏ï‡πâ‡∏≠‡∏á‡∏•‡∏≠‡∏á!
üßà‡πÉ‡∏ä‡πâ‡πÄ‡∏ô‡∏¢‡πÅ‡∏ó‡πâ 100% ‡πÅ‡∏•‚Ä¶",,,,Baebaeboor_,,1644299064174084097
28,2023-08-27 12:56:18+00:00,"RT @chewycloudbake: üôèüèº‡πÉ‡∏Ñ‡∏£‡πÄ‡∏´‡πá‡∏ô‡∏ù‡∏≤‡∏Å rt ‡∏´‡∏ô‡πà‡∏≠‡∏¢‡∏ô‡∏∞‡∏Ñ‡∏∞

‡∏û‡∏£‡πâ‡∏≠‡∏°‡∏™‡πà‡∏á #‡∏Ç‡∏ô‡∏°‡πÇ‡∏Æ‡∏°‡πÄ‡∏°‡∏î ‡∏≠‡∏£‡πà‡∏≠‡∏¢‡∏à‡∏£‡∏¥‡∏á!ü™Ñ
‡∏£‡∏≠‡∏ö‡∏™‡πà‡∏á‡∏†‡∏≤‡∏¢‡πÉ‡∏ô 1-2 ‡∏ß‡∏±‡∏ô #‡∏≠‡∏£‡πà‡∏≠‡∏¢‡∏ö‡∏≠‡∏Å‡∏ï‡πà‡∏≠ ‡∏ï‡πâ‡∏≠‡∏á‡∏•‡∏≠‡∏á!
üßà‡πÉ‡∏ä‡πâ‡πÄ‡∏ô‡∏¢‡πÅ‡∏ó‡πâ 100% ‡πÅ‡∏•‚Ä¶",,,,MNMW0929,,1920020647
29,2023-08-27 12:52:06+00:00,"RT @chewycloudbake: üôèüèº‡πÉ‡∏Ñ‡∏£‡πÄ‡∏´‡πá‡∏ô‡∏ù‡∏≤‡∏Å rt ‡∏´‡∏ô‡πà‡∏≠‡∏¢‡∏ô‡∏∞‡∏Ñ‡∏∞

‡∏û‡∏£‡πâ‡∏≠‡∏°‡∏™‡πà‡∏á #‡∏Ç‡∏ô‡∏°‡πÇ‡∏Æ‡∏°‡πÄ‡∏°‡∏î ‡∏≠‡∏£‡πà‡∏≠‡∏¢‡∏à‡∏£‡∏¥‡∏á!ü™Ñ
‡∏£‡∏≠‡∏ö‡∏™‡πà‡∏á‡∏†‡∏≤‡∏¢‡πÉ‡∏ô 1-2 ‡∏ß‡∏±‡∏ô #‡∏≠‡∏£‡πà‡∏≠‡∏¢‡∏ö‡∏≠‡∏Å‡∏ï‡πà‡∏≠ ‡∏ï‡πâ‡∏≠‡∏á‡∏•‡∏≠‡∏á!
üßà‡πÉ‡∏ä‡πâ‡πÄ‡∏ô‡∏¢‡πÅ‡∏ó‡πâ 100% ‡πÅ‡∏•‚Ä¶",,,,Afairyxbluebell,,1011795141194014720
30,2023-08-27 12:49:33+00:00,"RT @chewycloudbake: üôèüèº‡πÉ‡∏Ñ‡∏£‡πÄ‡∏´‡πá‡∏ô‡∏ù‡∏≤‡∏Å rt ‡∏´‡∏ô‡πà‡∏≠‡∏¢‡∏ô‡∏∞‡∏Ñ‡∏∞

‡∏û‡∏£‡πâ‡∏≠‡∏°‡∏™‡πà‡∏á #‡∏Ç‡∏ô‡∏°‡πÇ‡∏Æ‡∏°‡πÄ‡∏°‡∏î ‡∏≠‡∏£‡πà‡∏≠‡∏¢‡∏à‡∏£‡∏¥‡∏á!ü™Ñ
‡∏£‡∏≠‡∏ö‡∏™‡πà‡∏á‡∏†‡∏≤‡∏¢‡πÉ‡∏ô 1-2 ‡∏ß‡∏±‡∏ô #‡∏≠‡∏£‡πà‡∏≠‡∏¢‡∏ö‡∏≠‡∏Å‡∏ï‡πà‡∏≠ ‡∏ï‡πâ‡∏≠‡∏á‡∏•‡∏≠‡∏á!
üßà‡πÉ‡∏ä‡πâ‡πÄ‡∏ô‡∏¢‡πÅ‡∏ó‡πâ 100% ‡πÅ‡∏•‚Ä¶",,,,zalmonnism,,973968299498205184
31,2023-08-27 12:49:01+00:00,"RT @chewycloudbake: üôèüèº‡πÉ‡∏Ñ‡∏£‡πÄ‡∏´‡πá‡∏ô‡∏ù‡∏≤‡∏Å rt ‡∏´‡∏ô‡πà‡∏≠‡∏¢‡∏ô‡∏∞‡∏Ñ‡∏∞

‡∏û‡∏£‡πâ‡∏≠‡∏°‡∏™‡πà‡∏á #‡∏Ç‡∏ô‡∏°‡πÇ‡∏Æ‡∏°‡πÄ‡∏°‡∏î ‡∏≠‡∏£‡πà‡∏≠‡∏¢‡∏à‡∏£‡∏¥‡∏á!ü™Ñ
‡∏£‡∏≠‡∏ö‡∏™‡πà‡∏á‡∏†‡∏≤‡∏¢‡πÉ‡∏ô 1-2 ‡∏ß‡∏±‡∏ô #‡∏≠‡∏£‡πà‡∏≠‡∏¢‡∏ö‡∏≠‡∏Å‡∏ï‡πà‡∏≠ ‡∏ï‡πâ‡∏≠‡∏á‡∏•‡∏≠‡∏á!
üßà‡πÉ‡∏ä‡πâ‡πÄ‡∏ô‡∏¢‡πÅ‡∏ó‡πâ 100% ‡πÅ‡∏•‚Ä¶",,,,xxjpk_,,224981640
32,2023-08-27 12:46:42+00:00,"RT @chewycloudbake: üôèüèº‡πÉ‡∏Ñ‡∏£‡πÄ‡∏´‡πá‡∏ô‡∏ù‡∏≤‡∏Å rt ‡∏´‡∏ô‡πà‡∏≠‡∏¢‡∏ô‡∏∞‡∏Ñ‡∏∞

‡∏û‡∏£‡πâ‡∏≠‡∏°‡∏™‡πà‡∏á #‡∏Ç‡∏ô‡∏°‡πÇ‡∏Æ‡∏°‡πÄ‡∏°‡∏î ‡∏≠‡∏£‡πà‡∏≠‡∏¢‡∏à‡∏£‡∏¥‡∏á!ü™Ñ
‡∏£‡∏≠‡∏ö‡∏™‡πà‡∏á‡∏†‡∏≤‡∏¢‡πÉ‡∏ô 1-2 ‡∏ß‡∏±‡∏ô #‡∏≠‡∏£‡πà‡∏≠‡∏¢‡∏ö‡∏≠‡∏Å‡∏ï‡πà‡∏≠ ‡∏ï‡πâ‡∏≠‡∏á‡∏•‡∏≠‡∏á!
üßà‡πÉ‡∏ä‡πâ‡πÄ‡∏ô‡∏¢‡πÅ‡∏ó‡πâ 100% ‡πÅ‡∏•‚Ä¶",,,,kdnniemirin,,1430464401891414022
33,2023-08-27 12:43:50+00:00,"üôèüèº‡πÉ‡∏Ñ‡∏£‡πÄ‡∏´‡πá‡∏ô‡∏ù‡∏≤‡∏Å rt ‡∏´‡∏ô‡πà‡∏≠‡∏¢‡∏ô‡∏∞‡∏Ñ‡∏∞

‡∏û‡∏£‡πâ‡∏≠‡∏°‡∏™‡πà‡∏á #‡∏Ç‡∏ô‡∏°‡πÇ‡∏Æ‡∏°‡πÄ‡∏°‡∏î ‡∏≠‡∏£‡πà‡∏≠‡∏¢‡∏à‡∏£‡∏¥‡∏á!ü™Ñ
‡∏£‡∏≠‡∏ö‡∏™‡πà‡∏á‡∏†‡∏≤‡∏¢‡πÉ‡∏ô 1-2 ‡∏ß‡∏±‡∏ô #‡∏≠‡∏£‡πà‡∏≠‡∏¢‡∏ö‡∏≠‡∏Å‡∏ï‡πà‡∏≠ ‡∏ï‡πâ‡∏≠‡∏á‡∏•‡∏≠‡∏á!
üßà‡πÉ‡∏ä‡πâ‡πÄ‡∏ô‡∏¢‡πÅ‡∏ó‡πâ 100% ‡πÅ‡∏•‡∏∞‡∏ß‡∏±‡∏ï‡∏ñ‡∏∏‡∏î‡∏¥‡∏ö‡∏Ñ‡∏∏‡∏ì‡∏†‡∏≤‡∏û‡∏î‡∏µ
( #‡∏Ñ‡∏∏‡∏Å‡∏Å‡∏µ‡πâ‡∏ö‡∏£‡∏≤‡∏ß‡∏ô‡∏µ‡πà #‡∏ã‡∏≠‡∏ü‡∏ï‡πå‡∏Ñ‡∏∏‡∏Å‡∏Å‡∏µ‡πâ #‡∏ä‡πá‡∏≠‡∏Ñ‡∏°‡∏¥‡πâ‡∏ô‡∏ï‡πå )

‡∏ã‡∏∑‡πâ‡∏≠ 5 ‡∏ä‡∏¥‡πâ‡∏ô‡∏Ç‡∏∂‡πâ‡∏ô‡πÑ‡∏õ ‡∏Ñ‡πà‡∏≤‡∏™‡πà‡∏á 29‡∏ø ‡∏™‡πà‡∏á‡∏ó‡∏±‡πà‡∏ß‡∏õ‡∏£‡∏∞‡πÄ‡∏ó‡∏® ‚ô°
‡∏ô‡∏≥‡∏°‡∏≤‡πÄ‡∏õ‡πá‡∏ô‡∏Ñ‡πà‡∏≤‡πÉ‡∏ä‡πâ‡∏à‡πà‡∏≤‡∏¢‡πÉ‡∏ô‡∏Å‡∏≤‡∏£‡∏´‡∏≤‡∏´‡∏°‡∏≠ #‡∏ã‡∏∂‡∏°‡πÄ‡∏®‡∏£‡πâ‡∏≤ ‡πÅ‡∏•‡∏∞‡πÉ‡∏ä‡πâ‡∏´‡∏ô‡∏µ‡πâ https://t.co/sLH7FclzMb",,,,chewycloudbake,,1438864976895090689
34,2023-08-27 12:33:19+00:00,"üìç89 ‡∏£‡∏ß‡∏°‡∏™‡πà‡∏áüìç
#‡∏™‡πà‡∏á‡∏ï‡πà‡∏≠‡∏´‡∏ô‡∏±‡∏á‡∏™‡∏∑‡∏≠ #‡∏™‡πà‡∏á‡∏ï‡πà‡∏≠‡∏´‡∏ô‡∏±‡∏á‡∏™‡∏∑‡∏≠‡∏°‡∏∑‡∏≠‡∏™‡∏≠‡∏á #‡∏™‡πà‡∏á‡∏ï‡πà‡∏≠‡∏´‡∏ô‡∏±‡∏á‡∏™‡∏∑‡∏≠‡∏™‡∏†‡∏≤‡∏û‡∏î‡∏µ #‡∏´‡∏ô‡∏±‡∏á‡∏™‡∏∑‡∏≠‡∏°‡∏∑‡∏≠‡∏™‡∏≠‡∏á #‡∏´‡∏ô‡∏±‡∏á‡∏™‡∏∑‡∏≠‡∏°‡∏∑‡∏≠‡∏™‡∏≠‡∏á‡∏™‡∏†‡∏≤‡∏û‡∏î‡∏µ #‡∏´‡∏ô‡∏±‡∏á‡∏™‡∏∑‡∏≠‡∏°‡∏∑‡∏≠‡∏™‡∏≠‡∏á‡∏£‡∏≤‡∏Ñ‡∏≤‡∏ñ‡∏π‡∏Å  #‡∏ô‡∏ß‡∏ô‡∏¥‡∏¢‡∏≤‡∏¢ #‡∏´‡∏ô‡∏±‡∏á‡∏™‡∏∑‡∏≠‡∏ß‡∏£‡∏£‡∏ì‡∏Å‡∏£‡∏£‡∏° #‡∏ã‡∏∂‡∏°‡πÄ‡∏®‡∏£‡πâ‡∏≤ https://t.co/GGIyTmh5h9",,,,idarariyouuu,,1267786264750641154
35,2023-08-27 12:25:26+00:00,‡∏ö‡∏≤‡∏á‡∏Ñ‡∏£‡∏±‡πâ‡∏á‡πÅ‡∏ö‡∏ö‡∏≠‡∏≤‡∏£‡∏°‡∏ì‡πå‡πÅ‡∏¢‡πà‡∏°‡∏≤‡∏Å ‡∏ó‡∏∏‡∏£‡∏ô‡∏ó‡∏∏‡∏£‡∏≤‡∏¢ ‡∏´‡∏≤‡∏ó‡∏≤‡∏á‡∏≠‡∏≠‡∏Å‡πÑ‡∏°‡πà‡πÄ‡∏à‡∏≠ ‡∏£‡∏π‡πâ‡∏™‡∏∂‡∏Å‡πÄ‡∏´‡∏°‡∏∑‡∏≠‡∏ô‡∏ï‡∏±‡∏ß‡πÄ‡∏≠‡∏á‡πÄ‡∏õ‡πá‡∏ô‡∏Ç‡∏µ‡πâ‡∏ó‡∏µ‡πà‡πÄ‡∏õ‡∏£‡∏≤‡∏∞‡∏ö‡∏≤‡∏á ‡πÅ‡∏•‡∏∞‡∏°‡∏≠‡∏á‡∏≠‡∏∞‡πÑ‡∏£‡πÑ‡∏°‡πà‡πÄ‡∏´‡πá‡∏ô ‡πÇ‡∏î‡∏î‡πÄ‡∏î‡∏µ‡πà‡∏¢‡∏ß‡∏≠‡∏¢‡πà‡∏≤‡∏á‡πÑ‡∏£‡πâ‡∏ó‡∏µ‡πà‡∏ï‡∏¥ ‡πÅ‡∏ï‡πà‡∏ö‡∏≤‡∏á‡∏Ñ‡∏£‡∏±‡πâ‡∏á‡∏Å‡πá‡∏´‡∏≤‡∏¢ ‡πÄ‡∏û‡∏£‡∏≤‡∏∞‡∏≠‡∏∞‡πÑ‡∏£? #‡∏ã‡∏∂‡∏°‡πÄ‡∏®‡∏£‡πâ‡∏≤,,,,pheuxn55536,,1686329920400842754
36,2023-08-27 10:33:10+00:00,"RT @chewycloudbake: üôèüèº‡πÉ‡∏Ñ‡∏£‡πÄ‡∏´‡πá‡∏ô‡∏ù‡∏≤‡∏Å rt ‡∏´‡∏ô‡πà‡∏≠‡∏¢‡∏ô‡∏∞‡∏Ñ‡∏∞

‡∏û‡∏£‡πâ‡∏≠‡∏°‡∏™‡πà‡∏á #‡∏Ç‡∏ô‡∏°‡πÇ‡∏Æ‡∏°‡πÄ‡∏°‡∏î ‡∏≠‡∏£‡πà‡∏≠‡∏¢‡∏à‡∏£‡∏¥‡∏á!ü™Ñ
‡∏£‡∏≠‡∏ö‡∏™‡πà‡∏á‡∏†‡∏≤‡∏¢‡πÉ‡∏ô 1-2 ‡∏ß‡∏±‡∏ô #‡∏≠‡∏£‡πà‡∏≠‡∏¢‡∏ö‡∏≠‡∏Å‡∏ï‡πà‡∏≠ ‡∏ï‡πâ‡∏≠‡∏á‡∏•‡∏≠‡∏á!
üßà‡πÉ‡∏ä‡πâ‡πÄ‡∏ô‡∏¢‡πÅ‡∏ó‡πâ 100% ‡πÅ‡∏•‚Ä¶",,,,kuppuizq,,1161833598820876289
37,2023-08-27 06:55:38+00:00,"RT @Danita_Jeab: ùêÉùêÄùêçùêàùêìùêÄ 
#‡∏Ñ‡∏ß‡∏≤‡∏°‡∏™‡∏∏‡∏Ç #‡∏Ñ‡∏ß‡∏≤‡∏°‡∏Ñ‡∏¥‡∏î #‡∏ä‡∏µ‡∏ß‡∏¥‡∏ï #‡∏Ñ‡∏ß‡∏≤‡∏°‡∏£‡∏±‡∏Å #‡∏Ñ‡∏ß‡∏≤‡∏°‡∏´‡∏ß‡∏±‡∏á #‡∏Ñ‡∏ß‡∏≤‡∏°‡∏ù‡∏±‡∏ô #‡∏≠‡∏î‡∏µ‡∏ï #‡∏õ‡∏±‡∏à‡∏à‡∏∏‡∏ö‡∏±‡∏ô #‡∏≠‡∏ô‡∏≤‡∏Ñ‡∏ï #‡πÄ‡∏ß‡∏•‡∏≤ #‡∏Ñ‡∏ß‡∏≤‡∏°‡∏£‡∏π‡πâ‡∏™‡∏∂‡∏Å #‡∏Ñ‡∏ß‡∏≤‡∏°‡∏ó‡∏£‡∏á‡∏à‡∏≥ #‡∏£‡∏≠‡∏¢‡∏¢‡∏¥‡πâ‡∏°‚Ä¶",,,,Cecilia_5225,,1582811919899033600
38,2023-08-27 06:34:35+00:00,"#‡πÇ‡∏£‡∏Ñ‡∏ã‡∏∂‡∏°‡πÄ‡∏®‡∏£‡πâ‡∏≤ ‡∏°‡∏µ‡∏™‡∏≤‡πÄ‡∏´‡∏ï‡∏∏‡∏à‡∏≤‡∏Å 3 ‡∏™‡πà‡∏ß‡∏ô‡∏´‡∏•‡∏±‡∏Å‡∏ó‡∏µ‡πà‡∏û‡∏ö‡πÉ‡∏ô‡∏õ‡∏±‡∏à‡∏à‡∏∏‡∏ö‡∏±‡∏ô

-‡∏™‡∏°‡∏î‡∏∏‡∏•‡πÄ‡∏Ñ‡∏°‡∏µ‡πÉ‡∏ô‡∏™‡∏°‡∏≠‡∏á
-‡∏Å‡∏≤‡∏£‡πÉ‡∏ä‡πâ‡∏ä‡∏µ‡∏ß‡∏¥‡∏ï
-‡∏™‡∏†‡∏≤‡∏û‡πÅ‡∏ß‡∏î‡∏•‡πâ‡∏≠‡∏°

‡∏ß‡∏¥‡∏ò‡∏µ‡∏£‡∏±‡∏Å‡∏©‡∏≤
-‡∏û‡∏ö‡πÅ‡∏û‡∏ó‡∏¢‡πå‡∏£‡∏±‡∏ö‡∏¢‡∏≤‡∏õ‡∏£‡∏±‡∏ö‡∏™‡∏°‡∏î‡∏∏‡∏•‡πÄ‡∏Ñ‡∏°‡∏µ‡πÉ‡∏ô‡∏™‡∏°‡∏≠‡∏á
-‡∏û‡∏ö‡∏ô‡∏±‡∏Å‡∏à‡∏¥‡∏ï‡∏ö‡∏≥‡∏ö‡∏±‡∏î‡∏õ‡∏£‡∏±‡∏ö/‡πÄ‡∏õ‡∏•‡∏µ‡πà‡∏¢‡∏ô ‡∏£‡∏π‡∏õ‡πÅ‡∏ö‡∏ö‡∏Ñ‡∏ß‡∏≤‡∏°‡∏Ñ‡∏¥‡∏î‡πÅ‡∏•‡∏∞‡∏Å‡∏≤‡∏£‡πÉ‡∏ä‡πâ‡∏ä‡∏µ‡∏ß‡∏¥‡∏ï
-‡∏õ‡∏£‡∏±‡∏ö/‡πÄ‡∏õ‡∏•‡∏µ‡πà‡∏¢‡∏ô ‡∏™‡∏†‡∏≤‡∏û‡πÅ‡∏ß‡∏î‡∏•‡πâ‡∏≠‡∏°(‡∏ñ‡πâ‡∏≤‡∏ó‡∏≥‡πÑ‡∏î‡πâ)

‡∏¢‡∏≤‡∏Ñ‡∏£‡∏∂‡πà‡∏á ‡∏ï‡∏±‡∏ß‡πÄ‡∏£‡∏≤‡∏Ñ‡∏£‡∏∂‡πà‡∏á
#‡∏ã‡∏∂‡∏°‡πÄ‡∏®‡∏£‡πâ‡∏≤ #‡∏ã‡∏∂‡∏°‡πÄ‡∏®‡∏£‡πâ‡∏≤‡πÄ‡∏û‡∏∑‡πà‡∏≠‡∏ô‡∏£‡∏±‡∏Å https://t.co/ExCVoq3s86",,,,BB99069295,,1098656375498989568
39,2023-08-27 05:06:31+00:00,#‡∏ô‡∏Ñ‡∏£‡∏®‡∏£‡∏µ‡∏ò‡∏£‡∏£‡∏°‡∏£‡∏≤‡∏ä #‡πÄ‡∏°‡πá‡∏î‡πÄ‡∏°‡∏≤ #‡∏ã‡∏∂‡∏°‡πÄ‡∏®‡∏£‡πâ‡∏≤ #‡πÄ‡∏Ñ‡∏£‡∏µ‡∏¢‡∏î #‡∏ô‡∏≠‡∏ô‡πÑ‡∏°‡πà‡∏´‡∏•‡∏±‡∏ö ‡∏õ‡∏£‡∏∂‡∏Å‡∏©‡∏≤‡πÑ‡∏î‡πâ‡∏ô‡∏∞‡∏Ñ‡∏£‡∏±‡∏ö,,,,phong_petro12,,368318414
40,2023-08-27 05:00:36+00:00,"RT @Manoy_c9: ‡∏™‡∏±‡∏ç‡∏ç‡∏≤‡∏ì‡∏ó‡∏µ‡πà‡∏ö‡πà‡∏á‡∏ö‡∏≠‡∏Å‡∏ß‡πà‡∏≤‡πÄ‡∏£‡∏≤‡πÄ‡∏Ñ‡∏£‡∏µ‡∏¢‡∏î‡∏°‡∏≤‡∏Å‡πÄ‡∏Å‡∏¥‡∏ô‡πÑ‡∏õ
- ‡πÄ‡∏á‡∏µ‡∏¢‡∏ö‡πÉ‡∏™‡πà‡∏Ñ‡∏ô‡∏≠‡∏∑‡πà‡∏ô‡πÅ‡∏ö‡∏ö‡πÑ‡∏°‡πà‡∏£‡∏π‡πâ‡∏ï‡∏±‡∏ß
- ‡∏™‡∏∏‡∏Ç‡∏Å‡∏±‡∏ö‡∏≠‡∏∞‡πÑ‡∏£‡πÑ‡∏°‡πà‡∏™‡∏∏‡∏î 
- ‡πÅ‡∏°‡πâ‡∏Å‡∏£‡∏∞‡∏ó‡∏±‡πà‡∏á‡∏™‡∏¥‡πà‡∏á‡∏ó‡∏µ‡πà‡πÄ‡∏£‡∏≤‡∏ä‡∏≠‡∏ö‡∏Å‡πá‡∏Æ‡∏µ‡∏•‡πÄ‡∏£‡∏≤‡πÑ‡∏°‡πà‡πÑ‡∏î‡πâ‚Ä¶",,,,pmn_npmnl,,1470663458832015362
41,2023-08-27 00:33:45+00:00,RT @kwxngnyy: ‡∏Ñ‡∏ß‡∏≤‡∏°‡∏£‡∏π‡πâ‡∏™‡∏∂‡∏Å‡∏Ç‡∏≠‡∏á‡∏Ñ‡∏ô‡πÄ‡∏õ‡πá‡∏ô‡πÇ‡∏£‡∏Ñ‡∏ã‡∏∂‡∏°‡πÄ‡∏®‡∏£‡πâ‡∏≤ ‡∏°‡∏≠‡∏á‡πÇ‡∏•‡∏Å‡πÉ‡∏ö‡∏ô‡∏µ‡πâ‡πÉ‡∏à‡∏£‡πâ‡∏≤‡∏¢ üò¢ #‡∏ã‡∏∂‡∏°‡πÄ‡∏®‡∏£‡πâ‡∏≤ #‡πÅ‡∏û‡∏ô‡∏¥‡∏Ñ https://t.co/M8QnfW1dIG,,,,Bnn4487988,,1673253181525225473
42,2023-08-27 00:15:40+00:00,"RT @theblackmoonxx: üíå‡∏ñ‡∏∂‡∏á‡∏ô‡∏¥‡∏™‡∏¥‡∏ï/‡∏ô‡∏±‡∏Å‡∏®‡∏∂‡∏Å‡∏©‡∏≤..‡∏ó‡∏µ‡πà‡∏°‡∏µ‡∏≠‡∏≤‡∏Å‡∏≤‡∏£‡∏ã‡∏∂‡∏°‡πÄ‡∏®‡∏£‡πâ‡∏≤üòî
‡∏ß‡∏±‡∏ô‡∏ô‡∏µ‡πâ‡∏°‡∏≤‡∏õ‡∏£‡∏∞‡∏ä‡∏≤‡∏™‡∏±‡∏°‡∏û‡∏±‡∏ô‡∏ò‡πå‡πÇ‡∏Ñ‡∏£‡∏á‡∏Å‡∏≤‡∏£‡∏î‡∏µ‡πÜ
‡∏≠‡∏¢‡∏≤‡∏Å‡πÉ‡∏´‡πâ‡πÄ‡∏Ç‡πâ‡∏≤‡πÑ‡∏õ‡∏™‡∏°‡∏±‡∏Ñ‡∏£‡∏Å‡∏±‡∏ô‡∏Ñ‡∏∞ 
-
üí•‡πÑ‡∏°‡πà‡∏°‡∏µ‡∏Ñ‡πà‡∏≤‡πÉ‡∏ä‡πâ‡∏à‡πà‡∏≤‡∏¢‚ùï
#‚Ä¶",,,,Cynthia_4730,,1593625546092679168
43,2023-08-26 17:46:36+00:00,"RT @Manoy_c9: ‡∏™‡∏±‡∏ç‡∏ç‡∏≤‡∏ì‡∏ó‡∏µ‡πà‡∏ö‡πà‡∏á‡∏ö‡∏≠‡∏Å‡∏ß‡πà‡∏≤‡πÄ‡∏£‡∏≤‡πÄ‡∏Ñ‡∏£‡∏µ‡∏¢‡∏î‡∏°‡∏≤‡∏Å‡πÄ‡∏Å‡∏¥‡∏ô‡πÑ‡∏õ
- ‡πÄ‡∏á‡∏µ‡∏¢‡∏ö‡πÉ‡∏™‡πà‡∏Ñ‡∏ô‡∏≠‡∏∑‡πà‡∏ô‡πÅ‡∏ö‡∏ö‡πÑ‡∏°‡πà‡∏£‡∏π‡πâ‡∏ï‡∏±‡∏ß
- ‡∏™‡∏∏‡∏Ç‡∏Å‡∏±‡∏ö‡∏≠‡∏∞‡πÑ‡∏£‡πÑ‡∏°‡πà‡∏™‡∏∏‡∏î 
- ‡πÅ‡∏°‡πâ‡∏Å‡∏£‡∏∞‡∏ó‡∏±‡πà‡∏á‡∏™‡∏¥‡πà‡∏á‡∏ó‡∏µ‡πà‡πÄ‡∏£‡∏≤‡∏ä‡∏≠‡∏ö‡∏Å‡πá‡∏Æ‡∏µ‡∏•‡πÄ‡∏£‡∏≤‡πÑ‡∏°‡πà‡πÑ‡∏î‡πâ‚Ä¶",,,,onlymeloneyme,,1031688932377812992
44,2023-08-26 16:37:03+00:00,"RT @chewycloudbake: üôèüèº‡πÉ‡∏Ñ‡∏£‡πÄ‡∏´‡πá‡∏ô‡∏ù‡∏≤‡∏Å rt ‡∏´‡∏ô‡πà‡∏≠‡∏¢‡∏ô‡∏∞‡∏Ñ‡∏∞

‡∏û‡∏£‡πâ‡∏≠‡∏°‡∏™‡πà‡∏á #‡∏Ç‡∏ô‡∏°‡πÇ‡∏Æ‡∏°‡πÄ‡∏°‡∏î ‡∏≠‡∏£‡πà‡∏≠‡∏¢‡∏à‡∏£‡∏¥‡∏á!ü™Ñ
‡∏£‡∏≠‡∏ö‡∏™‡πà‡∏á‡∏†‡∏≤‡∏¢‡πÉ‡∏ô 1-2 ‡∏ß‡∏±‡∏ô #‡∏≠‡∏£‡πà‡∏≠‡∏¢‡∏ö‡∏≠‡∏Å‡∏ï‡πà‡∏≠ ‡∏ï‡πâ‡∏≠‡∏á‡∏•‡∏≠‡∏á!
üßà‡πÉ‡∏ä‡πâ‡πÄ‡∏ô‡∏¢‡πÅ‡∏ó‡πâ 100% ‡πÅ‡∏•‚Ä¶",,,,promsan_,,1243735391363928064
45,2023-08-26 16:36:18+00:00,"‡πÅ‡∏ô‡∏∞‡∏ô‡∏≥‡∏Ñ‡πà‡∏∞‡∏£‡πâ‡∏≤‡∏ô‡∏ô‡∏µ‡πâ‡∏ö‡∏£‡∏¥‡∏Å‡∏≤‡∏£‡∏î‡∏µ #‡πÄ‡∏£‡∏≤‡∏™‡∏±‡πà‡∏á‡∏ö‡πà‡∏≠‡∏¢‡∏Ñ‡πà‡∏∞
‚úÖ‡∏™‡∏±‡πà‡∏á‡∏Ç‡∏≠‡∏á‡∏Ñ‡∏•‡∏¥‡∏Å https://t.co/Wnk1GN9wy1

#‡πÑ‡∏Æ‡∏Ñ‡∏π‡∏• #‡∏™‡∏≤‡∏¢‡πÑ‡∏Æ #‡∏û‡∏±‡∏ó‡∏¢‡∏≤ #‡∏™‡∏≤‡∏¢‡∏ï‡∏µ‡πâ #‡πÄ‡∏´‡πá‡∏î‡∏ß‡∏¥‡πÄ‡∏®‡∏© #‡πÄ‡∏´‡πá‡∏î‡πÄ‡∏°‡∏≤ #‡∏ú‡∏á‡∏Ç‡∏≤‡∏ß #‡πÅ‡∏õ‡πä‡∏∞ #‡πÄ‡∏Æ‡πÇ‡∏£‡∏≠‡∏µ‡∏ô #‡∏Å‡∏£‡∏∞‡∏î‡∏≤‡∏©‡πÄ‡∏°‡∏≤ #‡πÅ‡∏≠‡∏•‡πÄ‡∏≠‡∏™‡∏î‡∏µ #‡∏´‡∏ô‡∏°‡∏ô‡∏≠‡∏Å #‡∏¢‡∏≤‡∏≠‡∏µ #‡πÑ‡∏Æ‡∏â‡∏µ‡∏î #‡∏Å‡∏±‡∏ç‡∏ä‡∏≤ #‡∏™‡∏≤‡∏¢‡πÄ‡∏°‡∏≤ #‡∏Å‡∏£‡∏∏‡∏á‡πÄ‡∏ó‡∏û #Bangkok #‡πÑ‡∏ã‡∏Ñ‡∏•‡∏µ #‡∏à‡∏¥‡∏ï‡∏ß‡∏¥‡∏ç‡∏ç‡∏≤‡∏ì #‡πÅ‡∏û‡∏ô‡∏¥‡∏Ñ #‡∏ã‡∏∂‡∏°‡πÄ‡∏®‡∏£‡πâ‡∏≤ 
#THC #‡∏™‡πà‡∏á‡∏ï‡πà‡∏≠ #‡πÑ‡∏≠‡∏ã‡πå https://t.co/FsPXalIGdn",,,,OkayPopper,,1693387292956917760
46,2023-08-26 15:42:00+00:00,‡∏Ñ‡∏≥‡πÉ‡∏´‡πâ‡∏Å‡∏≥‡∏•‡∏±‡∏á‡πÉ‡∏à #‡∏Å‡∏≥‡∏•‡∏±‡∏á‡πÉ‡∏à #‡∏™‡∏ï‡∏¥‡∏Å‡πÄ‡∏Å‡∏≠‡∏£‡πå‡πÑ‡∏•‡∏ô‡πå #‡∏û‡∏≤‡∏™‡πÄ‡∏ó‡∏• #‡∏™‡∏∏‡πà‡∏°‡πÅ‡∏à‡∏Å #‡πÑ‡∏•‡∏ô‡πå‡∏™‡∏ï‡∏¥‡∏Å‡πÄ‡∏Å‡∏≠‡∏£‡πå #‡∏ã‡∏∂‡∏°‡πÄ‡∏®‡∏£‡πâ‡∏≤ #Stickerline #‡∏™‡∏ï‡∏Å #‡∏≠‡∏¢‡∏π‡πà‡∏Ç‡πâ‡∏≤‡∏á‡πÜ‡πÄ‡∏ò‡∏≠ #supporter #‡πÄ‡∏•‡∏¥‡∏ü‡∏¢‡∏π #‡∏£‡∏±‡∏ö‡∏ß‡∏≤‡∏î‡∏£‡∏π‡∏õ #digitalart https://t.co/61xXKArkwG https://t.co/b1uJQZaT1i,,,,paweeilluss,,1652670737092870146
47,2023-08-26 15:07:28+00:00,"‡∏û‡∏•‡∏±‡∏á‡πÉ‡∏à‡∏ß‡∏±‡∏ô‡∏ï‡πà‡∏≠‡∏ß‡∏±‡∏ô
‡∏´‡∏°‡∏î‡∏ß‡∏±‡∏ô‡∏ä‡∏≤‡∏£‡πå‡∏ï‡∏Å‡∏±‡∏ô‡πÉ‡∏´‡∏°‡πà
‚óã‡πÄ‡∏´‡∏ô‡∏∑‡πà‡∏≠‡∏¢‡∏°‡∏±‡πâ‡∏¢?
‚óè‡πÄ‡∏´‡∏ô‡∏∑‡πà‡∏≠‡∏¢‡∏ô‡∏∞
‚óã‡∏°‡∏µ‡∏ß‡∏±‡∏ô‡πÑ‡∏´‡∏ô‡∏ó‡∏µ‡πà‡πÑ‡∏°‡πà‡πÄ‡∏´‡∏ô‡∏∑‡πà‡∏≠‡∏¢?
‚óè.....
‚óã‡∏´‡∏ß‡∏±‡∏á‡∏≠‡∏∞‡πÑ‡∏£?
‚óè‡πÉ‡∏´‡πâ‡∏î‡∏µ‡∏Ç‡∏∂‡πâ‡∏ô‡∏à‡∏∞‡πÑ‡∏î‡πâ‡πÄ‡∏´‡∏ô‡∏∑‡πà‡∏≠‡∏¢‡∏ô‡πâ‡∏≠‡∏¢‡∏•‡∏á‡∏´‡∏ô‡πà‡∏≠‡∏¢
‚óã‡∏Ç‡∏≠‡πÉ‡∏´‡πâ‡πÄ‡∏´‡∏ô‡∏∑‡πà‡∏≠‡∏¢‡∏ô‡πâ‡∏≠‡∏¢‡∏•‡∏á‡πÄ‡∏£‡∏∑‡πà‡∏≠‡∏¢‡πÜ‡∏ô‡∏∞
‚óè‡∏Ç‡∏≠‡∏ö‡∏Ñ‡∏∏‡∏ì‡∏ô‡∏∞‡∏ï‡∏±‡∏ß‡∏ä‡∏±‡πâ‡∏ô‡∏≠‡∏µ‡∏Å‡∏Ñ‡∏ô

#‡πÇ‡∏£‡∏Ñ‡∏ã‡∏∂‡∏°‡πÄ‡∏®‡∏£‡πâ‡∏≤ #‡∏ã‡∏∂‡∏°‡πÄ‡∏®‡∏£‡πâ‡∏≤ #‡∏ã‡∏∂‡∏°‡πÄ‡∏®‡∏£‡πâ‡∏≤‡πÄ‡∏û‡∏∑‡πà‡∏≠‡∏ô‡∏£‡∏±‡∏Å https://t.co/V3tjeLdtXR",,,,BB99069295,,1098656375498989568
48,2023-08-26 14:42:52+00:00,"#‡πÄ‡∏´‡∏á‡∏≤ 
#‡∏ã‡∏∂‡∏°‡πÄ‡∏®‡∏£‡πâ‡∏≤",,,,keng91242080,,1012302738800037891
49,2023-08-26 12:34:28+00:00,"‡∏´‡∏≤‡∏¢‡πÑ‡∏õ‡∏ô‡∏≤‡∏ô..‡∏Å‡∏±‡∏ö‡∏≠‡∏≤‡∏Å‡∏≤‡∏£‡∏î‡∏¥‡πà‡∏á
‡πÑ‡∏°‡πà‡∏£‡∏π‡πâ‡∏à‡∏∞‡πÄ‡∏£‡∏µ‡∏¢‡∏Å‡∏ß‡πà‡∏≤‡∏î‡∏¥‡πà‡∏á‡πÑ‡∏î‡πâ‡∏°‡∏±‡πâ‡∏¢ ‡πÅ‡∏ï‡πà‡πÅ‡∏Ñ‡πà‡∏£‡∏π‡πâ‡∏™‡∏∂‡∏Å‡πÄ‡∏´‡∏ô‡∏∑‡πà‡∏≠‡∏¢‡∏Å‡∏±‡∏ö‡∏ó‡∏∏‡∏Å‡∏≠‡∏¢‡πà‡∏≤‡∏á ‡∏ó‡πâ‡∏≠‡πÅ‡∏ó‡πâ‡∏Å‡∏±‡∏ö‡∏ä‡∏µ‡∏ß‡∏¥‡∏ï ‡∏à‡∏ô‡∏Ñ‡∏¥‡∏î‡∏ß‡πà‡∏≤‡πÑ‡∏°‡πà‡∏ô‡πà‡∏≤‡πÄ‡∏Å‡∏¥‡∏î‡∏°‡∏≤‡πÄ‡∏õ‡πá‡∏ô‡∏Ñ‡∏ô‡πÄ‡∏•‡∏¢‡∏≠‡πà‡∏∞ ‡πÅ‡∏°‡πà‡∏á‡πÄ‡∏´‡∏ô‡∏∑‡πà‡∏≠‡∏¢‡∏ä‡∏´. ‡∏≠‡∏¢‡∏≤‡∏Å‡∏ï‡∏≤‡∏¢‡πÜ‡πÑ‡∏õ‡πÉ‡∏´‡πâ‡∏°‡∏±‡∏ô‡∏à‡∏ö‡πÜ‡∏≠‡∏¢‡πà‡∏≤‡∏á‡∏ô‡πâ‡∏≠‡∏¢‡∏Å‡πá‡πÑ‡∏°‡πà‡∏ï‡πâ‡∏≠‡∏á‡∏ó‡∏£‡∏°‡∏≤‡∏ô‡∏Å‡∏±‡∏ö‡∏Å‡∏≤‡∏£‡πÉ‡∏ä‡πâ‡∏ä‡∏µ‡∏ß‡∏¥‡∏ï‡∏ó‡∏µ‡πà‡πÅ‡∏°‡πà‡∏á‡πÇ‡∏Ñ‡∏ï‡∏£‡πÄ‡∏´‡∏ô‡∏∑‡πà‡∏≠‡∏¢‡πÅ‡∏ö‡∏ö‡∏ô‡∏µ‡πâ..ü´•#‡∏ã‡∏∂‡∏°‡πÄ‡∏®‡∏£‡πâ‡∏≤‡πÄ‡∏û‡∏∑‡πà‡∏≠‡∏ô‡∏£‡∏±‡∏Å #‡πÇ‡∏£‡∏Ñ‡∏ã‡∏∂‡∏°‡πÄ‡∏®‡∏£‡πâ‡∏≤
#‡∏ã‡∏∂‡∏°‡πÄ‡∏®‡∏£‡πâ‡∏≤",,,,AAowase,,1498900981555539969
50,2023-08-26 11:59:19+00:00,"RT @js100radio: ü§î‡∏£‡∏π‡πâ‡πÑ‡∏´‡∏°‡∏ß‡πà‡∏≤‡πÇ‡∏£‡∏Ñ‡∏ó‡∏≤‡∏á‡∏à‡∏¥‡∏ï‡πÉ‡∏à‡πÑ‡∏°‡πà‡πÑ‡∏î‡πâ‡∏°‡∏µ‡πÅ‡∏Ñ‡πà ""‡∏ã‡∏∂‡∏°‡πÄ‡∏®‡∏£‡πâ‡∏≤"" ‡πÇ‡∏£‡∏Ñ PTSD ‡∏Å‡πá‡πÄ‡∏õ‡πá‡∏ô‡∏≠‡∏µ‡∏Å‡∏´‡∏ô‡∏∂‡πà‡∏á‡πÇ‡∏£‡∏Ñ‡∏ó‡∏µ‡πà‡πÄ‡∏Å‡∏¥‡∏î‡∏Ç‡∏∂‡πâ‡∏ô‡πÉ‡∏ô‡∏ú‡∏π‡πâ‡∏Ñ‡∏ô‡πÄ‡∏¢‡∏≠‡∏∞‡∏°‡∏≤‡∏Å‡πÑ‡∏°‡πà‡∏ï‡πà‡∏≤‡∏á‡∏Å‡∏±‡∏ô

‡∏õ‡∏±‡∏à‡∏à‡∏±‡∏¢‡∏ó‡∏µ‡πà‡∏ó‡∏≥‡πÉ‡∏´‡πâ‡πÄ‚Ä¶",,,,jaroen_suwan,,898942198414139392
51,2023-08-26 11:27:28+00:00,"RT @tawan247: ‡πÅ‡∏Å‡πÑ‡∏õ‡πÑ‡∏î‡πâ‡∏î‡∏µ ‡πÅ‡∏ï‡πà‡πÄ‡∏£‡∏≤‡∏¢‡∏±‡∏á‡∏¢‡∏∑‡∏ô‡∏£‡∏±‡∏Å‡∏©‡∏≤‡πÅ‡∏ú‡∏•‡∏ï‡∏±‡∏ß‡πÄ‡∏≠‡∏á‡∏ó‡∏µ‡πà‡πÄ‡∏î‡∏¥‡∏°‡∏≠‡∏¢‡∏π‡πà‡πÄ‡∏•‡∏¢.......

#‡πÄ‡∏ò‡∏£‡∏î‡πÄ‡∏®‡∏£‡πâ‡∏≤ #‡∏Ñ‡∏ß‡∏≤‡∏°‡∏£‡∏π‡πâ‡∏™‡∏∂‡∏Å‡∏Ç‡∏≠‡∏á‡∏ß‡∏±‡∏ô‡∏ô‡∏µ‡πâ #‡∏ã‡∏∂‡∏°‡πÄ‡∏®‡∏£‡πâ‡∏≤ https://t.co/9kxb0y3G8Q",,,,loverflowerrrrr,,1493549217935024129
52,2023-08-26 08:24:18+00:00,"RT @chewycloudbake: üôèüèº‡πÉ‡∏Ñ‡∏£‡πÄ‡∏´‡πá‡∏ô‡∏ù‡∏≤‡∏Å rt ‡∏´‡∏ô‡πà‡∏≠‡∏¢‡∏ô‡∏∞‡∏Ñ‡∏∞

‡∏û‡∏£‡πâ‡∏≠‡∏°‡∏™‡πà‡∏á #‡∏Ç‡∏ô‡∏°‡πÇ‡∏Æ‡∏°‡πÄ‡∏°‡∏î ‡∏≠‡∏£‡πà‡∏≠‡∏¢‡∏à‡∏£‡∏¥‡∏á!ü™Ñ
‡∏£‡∏≠‡∏ö‡∏™‡πà‡∏á‡∏†‡∏≤‡∏¢‡πÉ‡∏ô 1-2 ‡∏ß‡∏±‡∏ô #‡∏≠‡∏£‡πà‡∏≠‡∏¢‡∏ö‡∏≠‡∏Å‡∏ï‡πà‡∏≠ ‡∏ï‡πâ‡∏≠‡∏á‡∏•‡∏≠‡∏á!
üßà‡πÉ‡∏ä‡πâ‡πÄ‡∏ô‡∏¢‡πÅ‡∏ó‡πâ 100% ‡πÅ‡∏•‚Ä¶",,,,01d_0il_Pa5tel5,,1275321785492271104
53,2023-08-26 08:00:01+00:00,"#‡πÇ‡∏£‡∏Ñ‡∏ã‡∏∂‡∏°‡πÄ‡∏®‡∏£‡πâ‡∏≤ ‡∏†‡∏±‡∏¢‡πÄ‡∏á‡∏µ‡∏¢‡∏ö‡∏ó‡∏≤‡∏á‡∏≠‡∏≤‡∏£‡∏°‡∏ì‡πå‡∏ó‡∏µ‡πà‡∏ô‡πà‡∏≤‡∏≠‡∏±‡∏ô‡∏ï‡∏£‡∏≤‡∏¢! ‡∏°‡∏≤‡∏à‡∏±‡∏ö‡∏™‡∏±‡∏ç‡∏ç‡∏≤‡∏ì‡πÄ‡∏ï‡∏∑‡∏≠‡∏ô‡∏ó‡∏µ‡πà‡∏ö‡∏≠‡∏Å‡∏ß‡πà‡∏≤‡∏Ñ‡∏∏‡∏ì‡πÄ‡∏Ç‡πâ‡∏≤‡∏Ç‡πà‡∏≤‡∏¢‡πÄ‡∏õ‡πá‡∏ô‡∏ã‡∏∂‡∏°‡πÄ‡∏®‡∏£‡πâ‡∏≤ ‡∏û‡∏£‡πâ‡∏≠‡∏°‡∏ü‡∏±‡∏á‡∏ß‡∏¥‡∏ò‡∏µ‡∏£‡∏±‡∏ö‡∏°‡∏∑‡∏≠‡πÑ‡∏õ‡∏î‡πâ‡∏ß‡∏¢‡∏Å‡∏±‡∏ô‡πÑ‡∏î‡πâ‡πÉ‡∏ô #YoungatHeartShowüëá #‡∏ã‡∏∂‡∏°‡πÄ‡∏®‡∏£‡πâ‡∏≤ #‡∏™‡∏∏‡∏Ç‡∏†‡∏≤‡∏û #BTimes

https://t.co/s9jWBCeDYS",,,,BTimes_ch3,,1043050627381653505
54,2023-08-26 07:48:50+00:00,"RT @chewycloudbake: üôèüèº‡πÉ‡∏Ñ‡∏£‡πÄ‡∏´‡πá‡∏ô‡∏ù‡∏≤‡∏Å rt ‡∏´‡∏ô‡πà‡∏≠‡∏¢‡∏ô‡∏∞‡∏Ñ‡∏∞

‡∏û‡∏£‡πâ‡∏≠‡∏°‡∏™‡πà‡∏á #‡∏Ç‡∏ô‡∏°‡πÇ‡∏Æ‡∏°‡πÄ‡∏°‡∏î ‡∏≠‡∏£‡πà‡∏≠‡∏¢‡∏à‡∏£‡∏¥‡∏á!ü™Ñ
‡∏£‡∏≠‡∏ö‡∏™‡πà‡∏á‡∏†‡∏≤‡∏¢‡πÉ‡∏ô 1-2 ‡∏ß‡∏±‡∏ô #‡∏≠‡∏£‡πà‡∏≠‡∏¢‡∏ö‡∏≠‡∏Å‡∏ï‡πà‡∏≠ ‡∏ï‡πâ‡∏≠‡∏á‡∏•‡∏≠‡∏á!
üßà‡πÉ‡∏ä‡πâ‡πÄ‡∏ô‡∏¢‡πÅ‡∏ó‡πâ 100% ‡πÅ‡∏•‚Ä¶",,,,chewycloudbake,,1438864976895090689
55,2023-08-26 07:43:37+00:00,"ü§üüèª‡πÅ‡∏ô‡∏∞‡∏ô‡∏≥‡∏Ñ‡πà‡∏∞‡∏£‡πâ‡∏≤‡∏ô‡∏ô‡∏µ‡πâ‡∏ö‡∏£‡∏¥‡∏Å‡∏≤‡∏£‡∏î‡∏µ ‡πÄ‡∏£‡∏≤‡∏™‡∏±‡πà‡∏á‡∏ö‡πà‡∏≠‡∏¢‡∏Ñ‡πà‡∏∞
#‡∏™‡∏±‡πà‡∏á‡∏Ç‡∏≠‡∏á‡∏Ñ‡∏•‡∏¥‡∏Å https://t.co/Wnk1GN9wy1

#‡πÑ‡∏Æ‡∏Ñ‡∏π‡∏• #‡∏™‡∏≤‡∏¢‡πÑ‡∏Æ #‡∏û‡∏±‡∏ó‡∏¢‡∏≤ #‡∏™‡∏≤‡∏¢‡∏ï‡∏µ‡πâ #‡πÄ‡∏´‡πá‡∏î‡∏ß‡∏¥‡πÄ‡∏®‡∏© #‡πÄ‡∏´‡πá‡∏î‡πÄ‡∏°‡∏≤ #‡∏ú‡∏á‡∏Ç‡∏≤‡∏ß #‡πÅ‡∏õ‡πä‡∏∞ #‡πÄ‡∏Æ‡πÇ‡∏£‡∏≠‡∏µ‡∏ô #‡∏Å‡∏£‡∏∞‡∏î‡∏≤‡∏©‡πÄ‡∏°‡∏≤ #‡πÅ‡∏≠‡∏•‡πÄ‡∏≠‡∏™‡∏î‡∏µ #‡∏´‡∏ô‡∏°‡∏ô‡∏≠‡∏Å #‡∏¢‡∏≤‡∏≠‡∏µ #‡πÑ‡∏Æ‡∏â‡∏µ‡∏î #‡∏Å‡∏±‡∏ç‡∏ä‡∏≤ #‡∏™‡∏≤‡∏¢‡πÄ‡∏°‡∏≤ #‡∏Å‡∏£‡∏∏‡∏á‡πÄ‡∏ó‡∏û #Bangkok #‡πÑ‡∏ã‡∏Ñ‡∏•‡∏µ #‡∏à‡∏¥‡∏ï‡∏ß‡∏¥‡∏ç‡∏ç‡∏≤‡∏ì #‡πÅ‡∏û‡∏ô‡∏¥‡∏Ñ #‡∏ã‡∏∂‡∏°‡πÄ‡∏®‡∏£‡πâ‡∏≤ 
#THC #‡∏™‡πà‡∏á‡∏ï‡πà‡∏≠ #‡πÑ‡∏≠‡∏ã‡πå https://t.co/FsPXalIGdn",,,,OkayPopper,,1693387292956917760
56,2023-08-26 07:29:20+00:00,"RT @chewycloudbake: üôèüèº‡πÉ‡∏Ñ‡∏£‡πÄ‡∏´‡πá‡∏ô‡∏ù‡∏≤‡∏Å rt ‡∏´‡∏ô‡πà‡∏≠‡∏¢‡∏ô‡∏∞‡∏Ñ‡∏∞

‡∏û‡∏£‡πâ‡∏≠‡∏°‡∏™‡πà‡∏á #‡∏Ç‡∏ô‡∏°‡πÇ‡∏Æ‡∏°‡πÄ‡∏°‡∏î ‡∏≠‡∏£‡πà‡∏≠‡∏¢‡∏à‡∏£‡∏¥‡∏á!ü™Ñ
‡∏£‡∏≠‡∏ö‡∏™‡πà‡∏á‡∏†‡∏≤‡∏¢‡πÉ‡∏ô 1-2 ‡∏ß‡∏±‡∏ô #‡∏≠‡∏£‡πà‡∏≠‡∏¢‡∏ö‡∏≠‡∏Å‡∏ï‡πà‡∏≠ ‡∏ï‡πâ‡∏≠‡∏á‡∏•‡∏≠‡∏á!
üßà‡πÉ‡∏ä‡πâ‡πÄ‡∏ô‡∏¢‡πÅ‡∏ó‡πâ 100% ‡πÅ‡∏•‚Ä¶",,,,belllazhao,,1454006483947962369
57,2023-08-26 07:14:49+00:00,RT @all_tokk: ‡∏á‡∏≤‡∏ô‡∏ü‡∏£‡∏µ! ‡πÅ‡∏°‡πà‡∏Ñ‡πâ‡∏≤‡∏≠‡∏¢‡∏≤‡∏Å‡∏ö‡∏≠‡∏Å‡∏ï‡πà‡∏≠ ‡∏ä‡πà‡∏ß‡∏á‡∏ó‡∏µ‡πà‡πÄ‡∏£‡∏≤‡πÄ‡∏®‡∏£‡πâ‡∏≤ ‡πÄ‡∏Ñ‡∏£‡∏µ‡∏¢‡∏î ‡∏ï‡∏Å‡∏ï‡πà‡∏≥ ‡∏°‡∏≤‡πÄ‡∏à‡∏≠‡∏Å‡∏±‡∏ö‡∏Å‡∏¥‡∏à‡∏Å‡∏£‡∏£‡∏°‡∏ô‡∏µ‡πâ ‡∏ï‡∏≠‡∏ô‡∏ô‡∏µ‡πâ‡∏à‡∏¥‡∏ï‡πÉ‡∏à ‡∏Æ‡∏µ‡∏•‡∏Ç‡∏∂‡πâ‡∏ô‡∏°‡∏≤‡πÄ‡∏¢‡∏≠‡∏∞ ‡∏Ñ.‡∏Ñ‡∏¥‡∏î‡∏Ü‡πà‡∏≤‡∏ï‡∏±‡∏ß‡∏ï‡∏≤‡∏¢‡∏à‡∏≤‡∏á‡∏´‡∏≤‡∏¢‡πÑ‡∏õ ‡∏Å‡∏•‡∏≤‚Ä¶,,,,Betty_Keely25,,1577105719022821378
58,2023-08-26 05:31:54+00:00,"‡∏ä‡πà‡∏ß‡∏á‡∏ô‡∏µ‡πâ‡∏õ‡∏±‡∏ô‡∏õ‡∏±‡∏ô‡∏ï‡∏¥‡∏î‡∏ò‡∏∏‡∏£‡∏∞ ‡∏Ç‡∏≠‡∏õ‡∏¥‡∏î‡∏£‡∏±‡∏ö‡∏õ‡∏£‡∏∂‡∏Å‡∏©‡∏≤‡∏ï‡∏±‡πâ‡∏á‡πÅ‡∏ï‡πà‡∏ß‡∏±‡∏ô‡∏ó‡∏µ‡πà 26-31‡∏ô‡∏∞‡∏Ñ‡∏∞ ‡πÅ‡∏•‡πâ‡∏ß‡∏à‡∏∞‡∏Å‡∏•‡∏±‡∏ö‡∏°‡∏≤‡∏£‡∏±‡∏ö‡∏Ñ‡∏¥‡∏ß‡πÑ‡∏î‡πâ‡∏≠‡∏µ‡∏Å‡∏Ñ‡∏£‡∏±‡πâ‡∏á‡∏ß‡∏±‡∏ô‡∏ó‡∏µ‡πà 31 ‡πÄ‡∏£‡∏¥‡πà‡∏°‡∏õ‡∏£‡∏∂‡∏Å‡∏©‡∏≤‡πÑ‡∏î‡πâ‡∏ß‡∏±‡∏ô‡∏ó‡∏µ‡πà 1
.
‡πÉ‡∏ô‡∏™‡πà‡∏ß‡∏ô‡∏Ñ‡∏¥‡∏ß‡∏ó‡∏µ‡πà‡πÇ‡∏≠‡∏ô‡∏à‡∏≠‡∏á‡∏°‡∏≤‡πÅ‡∏•‡πâ‡∏ß ‡∏õ‡∏±‡∏ô‡∏¢‡∏±‡∏á‡πÉ‡∏´‡πâ‡∏Ñ‡∏≥‡∏õ‡∏£‡∏∂‡∏Å‡∏©‡∏≤‡πÄ‡∏´‡∏°‡∏∑‡∏≠‡∏ô‡πÄ‡∏î‡∏¥‡∏°‡∏ô‡∏∞‡∏Ñ‡∏∞ ‡πÅ‡∏ï‡πà‡∏´‡∏•‡∏±‡∏á‡∏à‡∏≤‡∏Å‡∏ô‡∏µ‡πâ ‡∏Ç‡∏≠‡πÉ‡∏´‡πâ‡∏ó‡∏±‡∏Å‡∏°‡∏≤‡∏à‡∏≠‡∏á‡∏≠‡∏µ‡∏Å‡∏Ñ‡∏£‡∏±‡πâ‡∏á‡∏´‡∏•‡∏±‡∏á31‡∏ô‡πâ‡∏≤
#‡∏ó‡∏µ‡πà‡∏õ‡∏£‡∏∂‡∏Å‡∏©‡∏≤ #‡∏õ‡∏±‡∏ç‡∏´‡∏≤ #‡∏£‡∏∞‡∏ö‡∏≤‡∏¢ #‡∏ã‡∏∂‡∏°‡πÄ‡∏®‡∏£‡πâ‡∏≤ #‡∏ï‡πâ‡∏≠‡∏á‡∏Å‡∏≤‡∏£‡∏Ñ‡∏ô‡∏Ñ‡∏∏‡∏¢‡∏î‡πâ‡∏ß‡∏¢",,,,punpunpunipuny,,1641021145939087366
59,2023-08-26 03:00:23+00:00,"üì£ Px ‡∏ä‡∏ß‡∏ô‡∏£‡∏π‡πâ! #‡∏ú‡∏π‡πâ‡∏õ‡πà‡∏ß‡∏¢‡πÇ‡∏£‡∏Ñ‡∏ã‡∏∂‡∏°‡πÄ‡∏®‡∏£‡πâ‡∏≤ ‡∏ö‡∏£‡∏¥‡∏©‡∏±‡∏ó‡∏™‡∏≤‡∏°‡∏≤‡∏£‡∏ñ‡πÑ‡∏°‡πà‡∏£‡∏±‡∏ö‡πÄ‡∏Ç‡πâ‡∏≤‡∏ó‡∏≥‡∏á‡∏≤‡∏ô! ‡∏´‡∏£‡∏∑‡∏≠‡∏¢‡∏Å‡πÄ‡∏•‡∏¥‡∏Å‡∏Å‡∏≤‡∏£‡∏à‡πâ‡∏≤‡∏á‡∏á‡∏≤‡∏ô‡πÑ‡∏î‡πâ!
üôèüèª ‡∏≠‡πâ‡∏≤‡∏á‡∏≠‡∏¥‡∏á‡∏Ç‡πâ‡∏≠‡∏°‡∏π‡∏•‡∏à‡∏≤‡∏Å &gt;&gt;&gt; ‡∏Å‡∏é‡∏´‡∏°‡∏≤‡∏¢‡πÅ‡∏£‡∏á‡∏á‡∏≤‡∏ô
üëâüèª ‡∏£‡∏≤‡∏¢‡∏•‡∏∞‡πÄ‡∏≠‡∏µ‡∏¢‡∏î‡πÄ‡∏û‡∏¥‡πà‡∏°‡πÄ‡∏ï‡∏¥‡∏° &gt;&gt; https://t.co/5BDXBRIpii
#PROXUMER #PROMOTION #‡πÇ‡∏õ‡∏£‡πÇ‡∏°‡∏ä‡∏±‡πà‡∏ô #‡∏ó‡∏≥‡∏á‡∏≤‡∏ô #‡∏ã‡∏∂‡∏°‡πÄ‡∏®‡∏£‡πâ‡∏≤ #‡∏õ‡πà‡∏ß‡∏¢ https://t.co/oYqizfySfl",,,,proxumer,,856823519107317760
60,2023-08-26 01:59:03+00:00,"üìç89 ‡∏£‡∏ß‡∏°‡∏™‡πà‡∏áüìç

#‡∏™‡πà‡∏á‡∏ï‡πà‡∏≠‡∏´‡∏ô‡∏±‡∏á‡∏™‡∏∑‡∏≠ #‡∏™‡πà‡∏á‡∏ï‡πà‡∏≠‡∏´‡∏ô‡∏±‡∏á‡∏™‡∏∑‡∏≠‡∏°‡∏∑‡∏≠‡∏™‡∏≠‡∏á #‡∏™‡πà‡∏á‡∏ï‡πà‡∏≠‡∏´‡∏ô‡∏±‡∏á‡∏™‡∏∑‡∏≠‡∏™‡∏†‡∏≤‡∏û‡∏î‡∏µ #‡∏´‡∏ô‡∏±‡∏á‡∏™‡∏∑‡∏≠‡∏°‡∏∑‡∏≠‡∏™‡∏≠‡∏á #‡∏´‡∏ô‡∏±‡∏á‡∏™‡∏∑‡∏≠‡∏°‡∏∑‡∏≠‡∏™‡∏≠‡∏á‡∏™‡∏†‡∏≤‡∏û‡∏î‡∏µ #‡∏´‡∏ô‡∏±‡∏á‡∏™‡∏∑‡∏≠‡∏°‡∏∑‡∏≠‡∏™‡∏≠‡∏á‡∏£‡∏≤‡∏Ñ‡∏≤‡∏ñ‡∏π‡∏Å  #‡∏ô‡∏ß‡∏ô‡∏¥‡∏¢‡∏≤‡∏¢ #‡∏´‡∏ô‡∏±‡∏á‡∏™‡∏∑‡∏≠‡∏ß‡∏£‡∏£‡∏ì‡∏Å‡∏£‡∏£‡∏° #‡∏ã‡∏∂‡∏°‡πÄ‡∏®‡∏£‡πâ‡∏≤ https://t.co/GGIyTmh5h9",,,,idarariyouuu,,1267786264750641154
61,2023-08-25 23:06:42+00:00,"RT @js100radio: ü§î‡∏£‡∏π‡πâ‡πÑ‡∏´‡∏°‡∏ß‡πà‡∏≤‡πÇ‡∏£‡∏Ñ‡∏ó‡∏≤‡∏á‡∏à‡∏¥‡∏ï‡πÉ‡∏à‡πÑ‡∏°‡πà‡πÑ‡∏î‡πâ‡∏°‡∏µ‡πÅ‡∏Ñ‡πà ""‡∏ã‡∏∂‡∏°‡πÄ‡∏®‡∏£‡πâ‡∏≤"" ‡πÇ‡∏£‡∏Ñ PTSD ‡∏Å‡πá‡πÄ‡∏õ‡πá‡∏ô‡∏≠‡∏µ‡∏Å‡∏´‡∏ô‡∏∂‡πà‡∏á‡πÇ‡∏£‡∏Ñ‡∏ó‡∏µ‡πà‡πÄ‡∏Å‡∏¥‡∏î‡∏Ç‡∏∂‡πâ‡∏ô‡πÉ‡∏ô‡∏ú‡∏π‡πâ‡∏Ñ‡∏ô‡πÄ‡∏¢‡∏≠‡∏∞‡∏°‡∏≤‡∏Å‡πÑ‡∏°‡πà‡∏ï‡πà‡∏≤‡∏á‡∏Å‡∏±‡∏ô

‡∏õ‡∏±‡∏à‡∏à‡∏±‡∏¢‡∏ó‡∏µ‡πà‡∏ó‡∏≥‡πÉ‡∏´‡πâ‡πÄ‚Ä¶",,,,m_rosssna,,4808056632
62,2023-08-25 20:22:55+00:00,"RT @Against2212: ‡∏â‡∏±‡∏ô‡∏Å‡πá‡∏´‡∏≤‡∏ß‡∏¥‡∏ò‡∏µ‡∏ó‡∏µ‡πà‡∏à‡∏∞‡∏ó‡∏≥‡πÉ‡∏´‡πâ‡∏ï‡∏±‡∏ß‡πÄ‡∏≠‡∏á‡∏î‡∏µ‡∏Ç‡∏∂‡πâ‡∏ô‡πÄ‡∏´‡∏°‡∏∑‡∏≠‡∏ô‡∏Å‡∏±‡∏ô‚Ä¶
‡∏â‡∏±‡∏ô‡πÄ‡∏≠‡∏á‡∏Å‡πá‡πÑ‡∏°‡πà‡∏≠‡∏¢‡∏≤‡∏Å‡πÄ‡∏õ‡πá‡∏ô‡πÅ‡∏ö‡∏ö‡∏ô‡∏µ‡πâ üò¢

#‡πÇ‡∏£‡∏Ñ‡∏ã‡∏∂‡∏°‡πÄ‡∏®‡∏£‡πâ‡∏≤ #‡πÄ‡∏®‡∏£‡πâ‡∏≤ #‡∏≠‡∏Å‡∏´‡∏±‡∏Å #‡πÄ‡∏´‡∏á‡∏≤ #‡∏£‡πâ‡∏≠‡∏á‡πÑ‡∏´‡πâ #‡∏ã‡∏∂‡∏°‡πÄ‡∏®‚Ä¶",,,,realmangpor,,1541757949345144834
63,2023-08-25 18:01:52+00:00,"RT @Manoy_c9: ‡∏ö‡∏≤‡∏á‡∏Ñ‡∏£‡∏±‡πâ‡∏á‡πÄ‡∏£‡∏≤‡πÑ‡∏°‡πà‡∏à‡∏≥‡πÄ‡∏õ‡πá‡∏ô‡∏ï‡πâ‡∏≠‡∏á‡∏≠‡∏ò‡∏¥‡∏ö‡∏≤‡∏¢‡πÉ‡∏Ñ‡∏£‡πÄ‡∏•‡∏¢‡∏î‡πâ‡∏ß‡∏¢‡∏ã‡πâ‡∏≥‡∏ß‡πà‡∏≤‡πÄ‡∏£‡∏≤‡πÄ‡∏õ‡πá‡∏ô‡∏≠‡∏∞‡πÑ‡∏£ ‡∏°‡∏±‡∏ô‡πÄ‡∏´‡∏ô‡∏∑‡πà‡∏≠‡∏¢ ‡∏°‡∏±‡∏ô‡∏ó‡πâ‡∏≠‡πÑ‡∏õ‡∏´‡∏°‡∏î ‡πÑ‡∏°‡πà‡∏£‡∏π‡πâ‡∏à‡∏∞‡πÄ‡∏≠‡∏≤‡πÑ‡∏á‡∏ï‡πà‡∏≠‡∏Å‡∏±‡∏ö‡∏ä‡∏µ‡∏ß‡∏¥‡∏ï‡∏î‡∏µ :( 
#‡∏ã‡∏∂‡∏°‡πÄ‡∏®‡∏£‡πâ‡∏≤ #‡πÇ‡∏£‚Ä¶",,,,iamsobad15,,1689176837262565376
64,2023-08-25 16:30:00+00:00,"‡πÅ‡∏™‡∏á‡∏à‡∏±‡∏ô‡∏ó‡∏£‡πå‡∏Å‡∏£‡∏∞‡∏à‡πà‡∏≤‡∏á‡∏ä‡∏±‡∏î‡∏Ç‡∏∂‡πâ‡∏ô‡πÉ‡∏ô‡πÅ‡∏ï‡πà‡∏•‡∏∞‡∏ß‡∏±‡∏ô 
‡∏™‡∏≤‡∏¢‡∏ï‡∏≤‡∏Ñ‡∏•‡∏≤‡∏¢‡∏°‡∏∑‡∏î‡∏°‡∏±‡∏ß‡∏ó‡∏µ‡∏•‡∏∞‡∏ô‡∏¥‡∏î 
üåò #‡∏Ñ‡∏∑‡∏ô‡πÄ‡∏î‡∏∑‡∏≠‡∏ô‡∏´‡∏á‡∏≤‡∏¢‡∏≠‡∏¢‡∏π‡πà‡πÑ‡∏°‡πà‡πÑ‡∏Å‡∏• üåï

EP16 #readawrite üìó https://t.co/8ed3AG4QGJ

#‡∏ô‡∏¥‡∏ó‡∏≤‡∏ô #‡πÄ‡∏£‡∏∑‡πà‡∏≠‡∏á‡∏™‡∏±‡πâ‡∏ô #‡∏ã‡∏∂‡∏°‡πÄ‡∏®‡∏£‡πâ‡∏≤ #‡πÇ‡∏£‡∏Ñ‡∏ã‡∏∂‡∏°‡πÄ‡∏®‡∏£‡πâ‡∏≤ #‡∏°‡∏±‡∏ô‡∏î‡∏µ‡∏Ç‡∏∂‡πâ‡∏ô‡πÑ‡∏î‡πâ https://t.co/gOP9UYIEyt",,,,thisissoke,,1465268133787172866
65,2023-08-25 16:11:16+00:00,"RT @Manoy_c9: ‡∏™‡∏±‡∏ç‡∏ç‡∏≤‡∏ì‡∏ó‡∏µ‡πà‡∏ö‡πà‡∏á‡∏ö‡∏≠‡∏Å‡∏ß‡πà‡∏≤‡πÄ‡∏£‡∏≤‡πÄ‡∏Ñ‡∏£‡∏µ‡∏¢‡∏î‡∏°‡∏≤‡∏Å‡πÄ‡∏Å‡∏¥‡∏ô‡πÑ‡∏õ
- ‡πÄ‡∏á‡∏µ‡∏¢‡∏ö‡πÉ‡∏™‡πà‡∏Ñ‡∏ô‡∏≠‡∏∑‡πà‡∏ô‡πÅ‡∏ö‡∏ö‡πÑ‡∏°‡πà‡∏£‡∏π‡πâ‡∏ï‡∏±‡∏ß
- ‡∏™‡∏∏‡∏Ç‡∏Å‡∏±‡∏ö‡∏≠‡∏∞‡πÑ‡∏£‡πÑ‡∏°‡πà‡∏™‡∏∏‡∏î 
- ‡πÅ‡∏°‡πâ‡∏Å‡∏£‡∏∞‡∏ó‡∏±‡πà‡∏á‡∏™‡∏¥‡πà‡∏á‡∏ó‡∏µ‡πà‡πÄ‡∏£‡∏≤‡∏ä‡∏≠‡∏ö‡∏Å‡πá‡∏Æ‡∏µ‡∏•‡πÄ‡∏£‡∏≤‡πÑ‡∏°‡πà‡πÑ‡∏î‡πâ‚Ä¶",,,,lynessamc,,1194991405627654145
66,2023-08-25 15:46:00+00:00,‡∏Ñ‡∏≥‡πÉ‡∏´‡πâ‡∏Å‡∏≥‡∏•‡∏±‡∏á‡πÉ‡∏à #‡∏Å‡∏≥‡∏•‡∏±‡∏á‡πÉ‡∏à #‡∏™‡∏ï‡∏¥‡∏Å‡πÄ‡∏Å‡∏≠‡∏£‡πå‡πÑ‡∏•‡∏ô‡πå #‡∏û‡∏≤‡∏™‡πÄ‡∏ó‡∏• #‡∏™‡∏∏‡πà‡∏°‡πÅ‡∏à‡∏Å #‡πÑ‡∏•‡∏ô‡πå‡∏™‡∏ï‡∏¥‡∏Å‡πÄ‡∏Å‡∏≠‡∏£‡πå #‡∏ã‡∏∂‡∏°‡πÄ‡∏®‡∏£‡πâ‡∏≤ #Stickerline #‡∏™‡∏ï‡∏Å #‡∏≠‡∏¢‡∏π‡πà‡∏Ç‡πâ‡∏≤‡∏á‡πÜ‡πÄ‡∏ò‡∏≠ #supporter #‡πÄ‡∏•‡∏¥‡∏ü‡∏¢‡∏π #‡∏£‡∏±‡∏ö‡∏ß‡∏≤‡∏î‡∏£‡∏π‡∏õ #digitalart https://t.co/61xXKArkwG https://t.co/0LpCGaz8jc,,,,paweeilluss,,1652670737092870146
67,2023-08-25 15:45:05+00:00,"RT @js100radio: ü§î‡∏£‡∏π‡πâ‡πÑ‡∏´‡∏°‡∏ß‡πà‡∏≤‡πÇ‡∏£‡∏Ñ‡∏ó‡∏≤‡∏á‡∏à‡∏¥‡∏ï‡πÉ‡∏à‡πÑ‡∏°‡πà‡πÑ‡∏î‡πâ‡∏°‡∏µ‡πÅ‡∏Ñ‡πà ""‡∏ã‡∏∂‡∏°‡πÄ‡∏®‡∏£‡πâ‡∏≤"" ‡πÇ‡∏£‡∏Ñ PTSD ‡∏Å‡πá‡πÄ‡∏õ‡πá‡∏ô‡∏≠‡∏µ‡∏Å‡∏´‡∏ô‡∏∂‡πà‡∏á‡πÇ‡∏£‡∏Ñ‡∏ó‡∏µ‡πà‡πÄ‡∏Å‡∏¥‡∏î‡∏Ç‡∏∂‡πâ‡∏ô‡πÉ‡∏ô‡∏ú‡∏π‡πâ‡∏Ñ‡∏ô‡πÄ‡∏¢‡∏≠‡∏∞‡∏°‡∏≤‡∏Å‡πÑ‡∏°‡πà‡∏ï‡πà‡∏≤‡∏á‡∏Å‡∏±‡∏ô

‡∏õ‡∏±‡∏à‡∏à‡∏±‡∏¢‡∏ó‡∏µ‡πà‡∏ó‡∏≥‡πÉ‡∏´‡πâ‡πÄ‚Ä¶",,,,beer213wj,,2815217150
68,2023-08-25 15:41:36+00:00,"RT @Manoy_c9: ‡∏™‡∏±‡∏ç‡∏ç‡∏≤‡∏ì‡∏ó‡∏µ‡πà‡∏ö‡πà‡∏á‡∏ö‡∏≠‡∏Å‡∏ß‡πà‡∏≤‡πÄ‡∏£‡∏≤‡πÄ‡∏Ñ‡∏£‡∏µ‡∏¢‡∏î‡∏°‡∏≤‡∏Å‡πÄ‡∏Å‡∏¥‡∏ô‡πÑ‡∏õ
- ‡πÄ‡∏á‡∏µ‡∏¢‡∏ö‡πÉ‡∏™‡πà‡∏Ñ‡∏ô‡∏≠‡∏∑‡πà‡∏ô‡πÅ‡∏ö‡∏ö‡πÑ‡∏°‡πà‡∏£‡∏π‡πâ‡∏ï‡∏±‡∏ß
- ‡∏™‡∏∏‡∏Ç‡∏Å‡∏±‡∏ö‡∏≠‡∏∞‡πÑ‡∏£‡πÑ‡∏°‡πà‡∏™‡∏∏‡∏î 
- ‡πÅ‡∏°‡πâ‡∏Å‡∏£‡∏∞‡∏ó‡∏±‡πà‡∏á‡∏™‡∏¥‡πà‡∏á‡∏ó‡∏µ‡πà‡πÄ‡∏£‡∏≤‡∏ä‡∏≠‡∏ö‡∏Å‡πá‡∏Æ‡∏µ‡∏•‡πÄ‡∏£‡∏≤‡πÑ‡∏°‡πà‡πÑ‡∏î‡πâ‚Ä¶",,,,jaodokmali,,1135541692038168577
69,2023-08-25 15:08:41+00:00,"RT @chewycloudbake: üôèüèº‡πÉ‡∏Ñ‡∏£‡πÄ‡∏´‡πá‡∏ô‡∏ù‡∏≤‡∏Å rt ‡∏´‡∏ô‡πà‡∏≠‡∏¢‡∏ô‡∏∞‡∏Ñ‡∏∞

‡∏û‡∏£‡πâ‡∏≠‡∏°‡∏™‡πà‡∏á #‡∏Ç‡∏ô‡∏°‡πÇ‡∏Æ‡∏°‡πÄ‡∏°‡∏î ‡∏≠‡∏£‡πà‡∏≠‡∏¢‡∏à‡∏£‡∏¥‡∏á!ü™Ñ
‡∏£‡∏≠‡∏ö‡∏™‡πà‡∏á‡∏†‡∏≤‡∏¢‡πÉ‡∏ô 1-2 ‡∏ß‡∏±‡∏ô #‡∏≠‡∏£‡πà‡∏≠‡∏¢‡∏ö‡∏≠‡∏Å‡∏ï‡πà‡∏≠ ‡∏ï‡πâ‡∏≠‡∏á‡∏•‡∏≠‡∏á!
üßà‡πÉ‡∏ä‡πâ‡πÄ‡∏ô‡∏¢‡πÅ‡∏ó‡πâ 100% ‡πÅ‡∏•‚Ä¶",,,,shawtynbitter,,1386358627271725056
70,2023-08-25 15:08:12+00:00,"RT @chewycloudbake: üôèüèº‡πÉ‡∏Ñ‡∏£‡πÄ‡∏´‡πá‡∏ô‡∏ù‡∏≤‡∏Å rt ‡∏´‡∏ô‡πà‡∏≠‡∏¢‡∏ô‡∏∞‡∏Ñ‡∏∞

‡∏û‡∏£‡πâ‡∏≠‡∏°‡∏™‡πà‡∏á #‡∏Ç‡∏ô‡∏°‡πÇ‡∏Æ‡∏°‡πÄ‡∏°‡∏î ‡∏≠‡∏£‡πà‡∏≠‡∏¢‡∏à‡∏£‡∏¥‡∏á!ü™Ñ
‡∏£‡∏≠‡∏ö‡∏™‡πà‡∏á‡∏†‡∏≤‡∏¢‡πÉ‡∏ô 1-2 ‡∏ß‡∏±‡∏ô #‡∏≠‡∏£‡πà‡∏≠‡∏¢‡∏ö‡∏≠‡∏Å‡∏ï‡πà‡∏≠ ‡∏ï‡πâ‡∏≠‡∏á‡∏•‡∏≠‡∏á!
üßà‡πÉ‡∏ä‡πâ‡πÄ‡∏ô‡∏¢‡πÅ‡∏ó‡πâ 100% ‡πÅ‡∏•‚Ä¶",,,,itsmummiex,,1375829253233602560
71,2023-08-25 14:35:35+00:00,"RT @js100radio: ü§î‡∏£‡∏π‡πâ‡πÑ‡∏´‡∏°‡∏ß‡πà‡∏≤‡πÇ‡∏£‡∏Ñ‡∏ó‡∏≤‡∏á‡∏à‡∏¥‡∏ï‡πÉ‡∏à‡πÑ‡∏°‡πà‡πÑ‡∏î‡πâ‡∏°‡∏µ‡πÅ‡∏Ñ‡πà ""‡∏ã‡∏∂‡∏°‡πÄ‡∏®‡∏£‡πâ‡∏≤"" ‡πÇ‡∏£‡∏Ñ PTSD ‡∏Å‡πá‡πÄ‡∏õ‡πá‡∏ô‡∏≠‡∏µ‡∏Å‡∏´‡∏ô‡∏∂‡πà‡∏á‡πÇ‡∏£‡∏Ñ‡∏ó‡∏µ‡πà‡πÄ‡∏Å‡∏¥‡∏î‡∏Ç‡∏∂‡πâ‡∏ô‡πÉ‡∏ô‡∏ú‡∏π‡πâ‡∏Ñ‡∏ô‡πÄ‡∏¢‡∏≠‡∏∞‡∏°‡∏≤‡∏Å‡πÑ‡∏°‡πà‡∏ï‡πà‡∏≤‡∏á‡∏Å‡∏±‡∏ô

‡∏õ‡∏±‡∏à‡∏à‡∏±‡∏¢‡∏ó‡∏µ‡πà‡∏ó‡∏≥‡πÉ‡∏´‡πâ‡πÄ‚Ä¶",,,,patzii_pat,,77993861
72,2023-08-25 14:34:43+00:00,"RT @tawan247: ‡πÅ‡∏Å‡πÑ‡∏õ‡πÑ‡∏î‡πâ‡∏î‡∏µ ‡πÅ‡∏ï‡πà‡πÄ‡∏£‡∏≤‡∏¢‡∏±‡∏á‡∏¢‡∏∑‡∏ô‡∏£‡∏±‡∏Å‡∏©‡∏≤‡πÅ‡∏ú‡∏•‡∏ï‡∏±‡∏ß‡πÄ‡∏≠‡∏á‡∏ó‡∏µ‡πà‡πÄ‡∏î‡∏¥‡∏°‡∏≠‡∏¢‡∏π‡πà‡πÄ‡∏•‡∏¢.......

#‡πÄ‡∏ò‡∏£‡∏î‡πÄ‡∏®‡∏£‡πâ‡∏≤ #‡∏Ñ‡∏ß‡∏≤‡∏°‡∏£‡∏π‡πâ‡∏™‡∏∂‡∏Å‡∏Ç‡∏≠‡∏á‡∏ß‡∏±‡∏ô‡∏ô‡∏µ‡πâ #‡∏ã‡∏∂‡∏°‡πÄ‡∏®‡∏£‡πâ‡∏≤ https://t.co/9kxb0y3G8Q",,,,beta_dxible,,1682727190599983104
73,2023-08-25 14:27:05+00:00,"RT @js100radio: ü§î‡∏£‡∏π‡πâ‡πÑ‡∏´‡∏°‡∏ß‡πà‡∏≤‡πÇ‡∏£‡∏Ñ‡∏ó‡∏≤‡∏á‡∏à‡∏¥‡∏ï‡πÉ‡∏à‡πÑ‡∏°‡πà‡πÑ‡∏î‡πâ‡∏°‡∏µ‡πÅ‡∏Ñ‡πà ""‡∏ã‡∏∂‡∏°‡πÄ‡∏®‡∏£‡πâ‡∏≤"" ‡πÇ‡∏£‡∏Ñ PTSD ‡∏Å‡πá‡πÄ‡∏õ‡πá‡∏ô‡∏≠‡∏µ‡∏Å‡∏´‡∏ô‡∏∂‡πà‡∏á‡πÇ‡∏£‡∏Ñ‡∏ó‡∏µ‡πà‡πÄ‡∏Å‡∏¥‡∏î‡∏Ç‡∏∂‡πâ‡∏ô‡πÉ‡∏ô‡∏ú‡∏π‡πâ‡∏Ñ‡∏ô‡πÄ‡∏¢‡∏≠‡∏∞‡∏°‡∏≤‡∏Å‡πÑ‡∏°‡πà‡∏ï‡πà‡∏≤‡∏á‡∏Å‡∏±‡∏ô

‡∏õ‡∏±‡∏à‡∏à‡∏±‡∏¢‡∏ó‡∏µ‡πà‡∏ó‡∏≥‡πÉ‡∏´‡πâ‡πÄ‚Ä¶",,,,ja_ae24,,241381099
74,2023-08-25 13:38:07+00:00,"RT @js100radio: ü§î‡∏£‡∏π‡πâ‡πÑ‡∏´‡∏°‡∏ß‡πà‡∏≤‡πÇ‡∏£‡∏Ñ‡∏ó‡∏≤‡∏á‡∏à‡∏¥‡∏ï‡πÉ‡∏à‡πÑ‡∏°‡πà‡πÑ‡∏î‡πâ‡∏°‡∏µ‡πÅ‡∏Ñ‡πà ""‡∏ã‡∏∂‡∏°‡πÄ‡∏®‡∏£‡πâ‡∏≤"" ‡πÇ‡∏£‡∏Ñ PTSD ‡∏Å‡πá‡πÄ‡∏õ‡πá‡∏ô‡∏≠‡∏µ‡∏Å‡∏´‡∏ô‡∏∂‡πà‡∏á‡πÇ‡∏£‡∏Ñ‡∏ó‡∏µ‡πà‡πÄ‡∏Å‡∏¥‡∏î‡∏Ç‡∏∂‡πâ‡∏ô‡πÉ‡∏ô‡∏ú‡∏π‡πâ‡∏Ñ‡∏ô‡πÄ‡∏¢‡∏≠‡∏∞‡∏°‡∏≤‡∏Å‡πÑ‡∏°‡πà‡∏ï‡πà‡∏≤‡∏á‡∏Å‡∏±‡∏ô

‡∏õ‡∏±‡∏à‡∏à‡∏±‡∏¢‡∏ó‡∏µ‡πà‡∏ó‡∏≥‡πÉ‡∏´‡πâ‡πÄ‚Ä¶",,,,nat_tc,,376096054
75,2023-08-25 13:30:58+00:00,"RT @chewycloudbake: üôèüèº‡πÉ‡∏Ñ‡∏£‡πÄ‡∏´‡πá‡∏ô‡∏ù‡∏≤‡∏Å rt ‡∏´‡∏ô‡πà‡∏≠‡∏¢‡∏ô‡∏∞‡∏Ñ‡∏∞

‡∏û‡∏£‡πâ‡∏≠‡∏°‡∏™‡πà‡∏á #‡∏Ç‡∏ô‡∏°‡πÇ‡∏Æ‡∏°‡πÄ‡∏°‡∏î ‡∏≠‡∏£‡πà‡∏≠‡∏¢‡∏à‡∏£‡∏¥‡∏á!ü™Ñ
‡∏£‡∏≠‡∏ö‡∏™‡πà‡∏á‡∏†‡∏≤‡∏¢‡πÉ‡∏ô 1-2 ‡∏ß‡∏±‡∏ô #‡∏≠‡∏£‡πà‡∏≠‡∏¢‡∏ö‡∏≠‡∏Å‡∏ï‡πà‡∏≠ ‡∏ï‡πâ‡∏≠‡∏á‡∏•‡∏≠‡∏á!
üßà‡πÉ‡∏ä‡πâ‡πÄ‡∏ô‡∏¢‡πÅ‡∏ó‡πâ 100% ‡πÅ‡∏•‚Ä¶",,,,xxjpk_,,224981640
76,2023-08-25 13:21:17+00:00,"‡∏ó‡∏≥‡∏ï‡∏±‡∏ß‡πÄ‡∏õ‡πá‡∏ô‡∏°‡∏¥‡∏ï‡∏£‡πÅ‡∏•‡∏∞‡∏£‡πà‡∏≤‡πÄ‡∏£‡∏¥‡∏á ‡∏Å‡∏•‡∏ö‡πÄ‡∏Å‡∏•‡∏∑‡πà‡∏≠‡∏ô‡∏Ñ‡∏ß‡∏≤‡∏°‡∏Å‡∏•‡∏±‡∏ß ‡∏´‡∏ß‡∏≤‡∏î‡∏Å‡∏•‡∏±‡∏ß‡∏´‡∏ß‡∏≤‡∏î‡∏ß‡∏∞‡πÅ‡∏ß‡∏á ‡∏£‡∏π‡πâ‡∏™‡∏∂‡∏Å‡πÇ‡∏î‡∏î‡πÄ‡∏î‡∏µ‡πà‡∏¢‡∏ß‡∏™‡∏∏‡∏î‡∏Ç‡∏±‡πâ‡∏ß‡∏´‡∏±‡∏ß‡πÉ‡∏à 
‡πÑ‡∏°‡πà‡πÄ‡∏õ‡πá‡∏ô‡πÑ‡∏£‡∏ô‡∏∞ ‡∏°‡∏±‡∏ô‡∏à‡∏∞‡πÑ‡∏°‡πà‡πÄ‡∏Å‡∏¥‡∏î‡∏Ç‡∏∂‡πâ‡∏ô‡∏≠‡∏µ‡∏Å ‡πÄ‡∏£‡∏≤‡πÄ‡∏õ‡∏•‡∏µ‡πà‡∏¢‡∏ô‡πÅ‡∏õ‡∏•‡∏á ‡πÄ‡∏£‡∏≤‡∏Ñ‡∏¥‡∏î‡πÅ‡∏ö‡∏ö‡πÉ‡∏´‡∏°‡πà
‡∏Ñ‡∏ß‡∏≤‡∏°‡∏£‡∏π‡πâ‡∏™‡∏∂‡∏Å‡πÄ‡∏î‡∏¥‡∏° ‡∏ö‡∏£‡∏£‡∏¢‡∏≤‡∏Å‡∏≤‡∏®‡πÄ‡∏î‡∏¥‡∏° ‡∏Å‡∏≤‡∏£ flashback ‡∏°‡∏±‡∏ô‡∏ó‡∏≥‡πÉ‡∏´‡πâ‡πÄ‡∏£‡∏≤‡∏Å‡∏•‡∏±‡∏ß 
‡πÅ‡∏ï‡πà‡πÄ‡∏£‡∏≤‡∏ï‡πâ‡∏≠‡∏á‡∏£‡∏π‡πâ‡∏ß‡∏¥‡∏ò‡∏µ‡∏ñ‡πà‡∏≤‡∏¢‡∏†‡∏≤‡∏û ‡∏ñ‡πà‡∏≤‡∏¢‡∏ó‡∏µ‡πà‡πÄ‡∏î‡∏µ‡∏¢‡∏ß‡∏Å‡∏±‡∏ô ‡∏£‡∏π‡∏õ‡πÉ‡∏´‡πâ‡∏≠‡∏≤‡∏£‡∏°‡∏ì‡πå‡∏ï‡πà‡∏≤‡∏á‡∏Å‡∏±‡∏ô #‡∏ã‡∏∂‡∏°‡πÄ‡∏®‡∏£‡πâ‡∏≤",,,,pheuxn55536,,1686329920400842754
77,2023-08-25 12:49:36+00:00,"RT @js100radio: ü§î‡∏£‡∏π‡πâ‡πÑ‡∏´‡∏°‡∏ß‡πà‡∏≤‡πÇ‡∏£‡∏Ñ‡∏ó‡∏≤‡∏á‡∏à‡∏¥‡∏ï‡πÉ‡∏à‡πÑ‡∏°‡πà‡πÑ‡∏î‡πâ‡∏°‡∏µ‡πÅ‡∏Ñ‡πà ""‡∏ã‡∏∂‡∏°‡πÄ‡∏®‡∏£‡πâ‡∏≤"" ‡πÇ‡∏£‡∏Ñ PTSD ‡∏Å‡πá‡πÄ‡∏õ‡πá‡∏ô‡∏≠‡∏µ‡∏Å‡∏´‡∏ô‡∏∂‡πà‡∏á‡πÇ‡∏£‡∏Ñ‡∏ó‡∏µ‡πà‡πÄ‡∏Å‡∏¥‡∏î‡∏Ç‡∏∂‡πâ‡∏ô‡πÉ‡∏ô‡∏ú‡∏π‡πâ‡∏Ñ‡∏ô‡πÄ‡∏¢‡∏≠‡∏∞‡∏°‡∏≤‡∏Å‡πÑ‡∏°‡πà‡∏ï‡πà‡∏≤‡∏á‡∏Å‡∏±‡∏ô

‡∏õ‡∏±‡∏à‡∏à‡∏±‡∏¢‡∏ó‡∏µ‡πà‡∏ó‡∏≥‡πÉ‡∏´‡πâ‡πÄ‚Ä¶",,,,GATTOXXI,,378029799
78,2023-08-25 12:49:04+00:00,"‡πÄ‡∏´‡∏ô‡∏∑‡πà‡∏≠‡∏¢‡∏°‡∏±‡πâ‡∏¢ ‡∏Å‡∏¥‡∏ô‡∏¢‡∏≤‡∏ß‡∏±‡∏ô‡∏•‡∏∞8‡πÄ‡∏°‡πá‡∏î‡πÄ‡∏•‡∏¢‡∏ô‡∏∞ ‡πÄ‡∏Å‡πà‡∏á‡∏°‡∏±‡πâ‡∏¢ ‡πÄ‡∏´‡∏ô‡∏∑‡πà‡∏≠‡∏¢‡∏à‡∏±‡∏á‡πÄ‡∏•‡∏¢‡∏Å‡∏≤‡∏£‡∏°‡∏µ‡∏ä‡∏µ‡∏ß‡∏¥‡∏ï‡∏≠‡∏¢‡∏π‡πà
#‡∏ã‡∏∂‡∏°‡πÄ‡∏®‡∏£‡πâ‡∏≤ https://t.co/uabHSJTMzP",,,,toey_1146,,1113781119747379200
79,2023-08-25 12:41:26+00:00,"RT @Manoy_c9: ‡∏™‡∏±‡∏ç‡∏ç‡∏≤‡∏ì‡∏ó‡∏µ‡πà‡∏ö‡πà‡∏á‡∏ö‡∏≠‡∏Å‡∏ß‡πà‡∏≤‡πÄ‡∏£‡∏≤‡πÄ‡∏Ñ‡∏£‡∏µ‡∏¢‡∏î‡∏°‡∏≤‡∏Å‡πÄ‡∏Å‡∏¥‡∏ô‡πÑ‡∏õ
- ‡πÄ‡∏á‡∏µ‡∏¢‡∏ö‡πÉ‡∏™‡πà‡∏Ñ‡∏ô‡∏≠‡∏∑‡πà‡∏ô‡πÅ‡∏ö‡∏ö‡πÑ‡∏°‡πà‡∏£‡∏π‡πâ‡∏ï‡∏±‡∏ß
- ‡∏™‡∏∏‡∏Ç‡∏Å‡∏±‡∏ö‡∏≠‡∏∞‡πÑ‡∏£‡πÑ‡∏°‡πà‡∏™‡∏∏‡∏î 
- ‡πÅ‡∏°‡πâ‡∏Å‡∏£‡∏∞‡∏ó‡∏±‡πà‡∏á‡∏™‡∏¥‡πà‡∏á‡∏ó‡∏µ‡πà‡πÄ‡∏£‡∏≤‡∏ä‡∏≠‡∏ö‡∏Å‡πá‡∏Æ‡∏µ‡∏•‡πÄ‡∏£‡∏≤‡πÑ‡∏°‡πà‡πÑ‡∏î‡πâ‚Ä¶",,,,TonnamXitim,,1305867203825131521
80,2023-08-25 12:15:46+00:00,"RT @js100radio: ü§î‡∏£‡∏π‡πâ‡πÑ‡∏´‡∏°‡∏ß‡πà‡∏≤‡πÇ‡∏£‡∏Ñ‡∏ó‡∏≤‡∏á‡∏à‡∏¥‡∏ï‡πÉ‡∏à‡πÑ‡∏°‡πà‡πÑ‡∏î‡πâ‡∏°‡∏µ‡πÅ‡∏Ñ‡πà ""‡∏ã‡∏∂‡∏°‡πÄ‡∏®‡∏£‡πâ‡∏≤"" ‡πÇ‡∏£‡∏Ñ PTSD ‡∏Å‡πá‡πÄ‡∏õ‡πá‡∏ô‡∏≠‡∏µ‡∏Å‡∏´‡∏ô‡∏∂‡πà‡∏á‡πÇ‡∏£‡∏Ñ‡∏ó‡∏µ‡πà‡πÄ‡∏Å‡∏¥‡∏î‡∏Ç‡∏∂‡πâ‡∏ô‡πÉ‡∏ô‡∏ú‡∏π‡πâ‡∏Ñ‡∏ô‡πÄ‡∏¢‡∏≠‡∏∞‡∏°‡∏≤‡∏Å‡πÑ‡∏°‡πà‡∏ï‡πà‡∏≤‡∏á‡∏Å‡∏±‡∏ô

‡∏õ‡∏±‡∏à‡∏à‡∏±‡∏¢‡∏ó‡∏µ‡πà‡∏ó‡∏≥‡πÉ‡∏´‡πâ‡πÄ‚Ä¶",,,,mooshimaru,,826242768
81,2023-08-25 12:11:30+00:00,"RT @js100radio: ü§î‡∏£‡∏π‡πâ‡πÑ‡∏´‡∏°‡∏ß‡πà‡∏≤‡πÇ‡∏£‡∏Ñ‡∏ó‡∏≤‡∏á‡∏à‡∏¥‡∏ï‡πÉ‡∏à‡πÑ‡∏°‡πà‡πÑ‡∏î‡πâ‡∏°‡∏µ‡πÅ‡∏Ñ‡πà ""‡∏ã‡∏∂‡∏°‡πÄ‡∏®‡∏£‡πâ‡∏≤"" ‡πÇ‡∏£‡∏Ñ PTSD ‡∏Å‡πá‡πÄ‡∏õ‡πá‡∏ô‡∏≠‡∏µ‡∏Å‡∏´‡∏ô‡∏∂‡πà‡∏á‡πÇ‡∏£‡∏Ñ‡∏ó‡∏µ‡πà‡πÄ‡∏Å‡∏¥‡∏î‡∏Ç‡∏∂‡πâ‡∏ô‡πÉ‡∏ô‡∏ú‡∏π‡πâ‡∏Ñ‡∏ô‡πÄ‡∏¢‡∏≠‡∏∞‡∏°‡∏≤‡∏Å‡πÑ‡∏°‡πà‡∏ï‡πà‡∏≤‡∏á‡∏Å‡∏±‡∏ô

‡∏õ‡∏±‡∏à‡∏à‡∏±‡∏¢‡∏ó‡∏µ‡πà‡∏ó‡∏≥‡πÉ‡∏´‡πâ‡πÄ‚Ä¶",,,,iprincess_hrs,,206601085
82,2023-08-25 12:07:54+00:00,"RT @js100radio: ü§î‡∏£‡∏π‡πâ‡πÑ‡∏´‡∏°‡∏ß‡πà‡∏≤‡πÇ‡∏£‡∏Ñ‡∏ó‡∏≤‡∏á‡∏à‡∏¥‡∏ï‡πÉ‡∏à‡πÑ‡∏°‡πà‡πÑ‡∏î‡πâ‡∏°‡∏µ‡πÅ‡∏Ñ‡πà ""‡∏ã‡∏∂‡∏°‡πÄ‡∏®‡∏£‡πâ‡∏≤"" ‡πÇ‡∏£‡∏Ñ PTSD ‡∏Å‡πá‡πÄ‡∏õ‡πá‡∏ô‡∏≠‡∏µ‡∏Å‡∏´‡∏ô‡∏∂‡πà‡∏á‡πÇ‡∏£‡∏Ñ‡∏ó‡∏µ‡πà‡πÄ‡∏Å‡∏¥‡∏î‡∏Ç‡∏∂‡πâ‡∏ô‡πÉ‡∏ô‡∏ú‡∏π‡πâ‡∏Ñ‡∏ô‡πÄ‡∏¢‡∏≠‡∏∞‡∏°‡∏≤‡∏Å‡πÑ‡∏°‡πà‡∏ï‡πà‡∏≤‡∏á‡∏Å‡∏±‡∏ô

‡∏õ‡∏±‡∏à‡∏à‡∏±‡∏¢‡∏ó‡∏µ‡πà‡∏ó‡∏≥‡πÉ‡∏´‡πâ‡πÄ‚Ä¶",,,,Kkhanuengha,,1249026900430737410
83,2023-08-25 12:06:48+00:00,"RT @js100radio: ü§î‡∏£‡∏π‡πâ‡πÑ‡∏´‡∏°‡∏ß‡πà‡∏≤‡πÇ‡∏£‡∏Ñ‡∏ó‡∏≤‡∏á‡∏à‡∏¥‡∏ï‡πÉ‡∏à‡πÑ‡∏°‡πà‡πÑ‡∏î‡πâ‡∏°‡∏µ‡πÅ‡∏Ñ‡πà ""‡∏ã‡∏∂‡∏°‡πÄ‡∏®‡∏£‡πâ‡∏≤"" ‡πÇ‡∏£‡∏Ñ PTSD ‡∏Å‡πá‡πÄ‡∏õ‡πá‡∏ô‡∏≠‡∏µ‡∏Å‡∏´‡∏ô‡∏∂‡πà‡∏á‡πÇ‡∏£‡∏Ñ‡∏ó‡∏µ‡πà‡πÄ‡∏Å‡∏¥‡∏î‡∏Ç‡∏∂‡πâ‡∏ô‡πÉ‡∏ô‡∏ú‡∏π‡πâ‡∏Ñ‡∏ô‡πÄ‡∏¢‡∏≠‡∏∞‡∏°‡∏≤‡∏Å‡πÑ‡∏°‡πà‡∏ï‡πà‡∏≤‡∏á‡∏Å‡∏±‡∏ô

‡∏õ‡∏±‡∏à‡∏à‡∏±‡∏¢‡∏ó‡∏µ‡πà‡∏ó‡∏≥‡πÉ‡∏´‡πâ‡πÄ‚Ä¶",,,,lovell_seasons,,4906554133
84,2023-08-25 12:05:43+00:00,"RT @js100radio: ü§î‡∏£‡∏π‡πâ‡πÑ‡∏´‡∏°‡∏ß‡πà‡∏≤‡πÇ‡∏£‡∏Ñ‡∏ó‡∏≤‡∏á‡∏à‡∏¥‡∏ï‡πÉ‡∏à‡πÑ‡∏°‡πà‡πÑ‡∏î‡πâ‡∏°‡∏µ‡πÅ‡∏Ñ‡πà ""‡∏ã‡∏∂‡∏°‡πÄ‡∏®‡∏£‡πâ‡∏≤"" ‡πÇ‡∏£‡∏Ñ PTSD ‡∏Å‡πá‡πÄ‡∏õ‡πá‡∏ô‡∏≠‡∏µ‡∏Å‡∏´‡∏ô‡∏∂‡πà‡∏á‡πÇ‡∏£‡∏Ñ‡∏ó‡∏µ‡πà‡πÄ‡∏Å‡∏¥‡∏î‡∏Ç‡∏∂‡πâ‡∏ô‡πÉ‡∏ô‡∏ú‡∏π‡πâ‡∏Ñ‡∏ô‡πÄ‡∏¢‡∏≠‡∏∞‡∏°‡∏≤‡∏Å‡πÑ‡∏°‡πà‡∏ï‡πà‡∏≤‡∏á‡∏Å‡∏±‡∏ô

‡∏õ‡∏±‡∏à‡∏à‡∏±‡∏¢‡∏ó‡∏µ‡πà‡∏ó‡∏≥‡πÉ‡∏´‡πâ‡πÄ‚Ä¶",,,,AntiCigV2,,846759454125178881
85,2023-08-25 12:05:36+00:00,"RT @js100radio: ü§î‡∏£‡∏π‡πâ‡πÑ‡∏´‡∏°‡∏ß‡πà‡∏≤‡πÇ‡∏£‡∏Ñ‡∏ó‡∏≤‡∏á‡∏à‡∏¥‡∏ï‡πÉ‡∏à‡πÑ‡∏°‡πà‡πÑ‡∏î‡πâ‡∏°‡∏µ‡πÅ‡∏Ñ‡πà ""‡∏ã‡∏∂‡∏°‡πÄ‡∏®‡∏£‡πâ‡∏≤"" ‡πÇ‡∏£‡∏Ñ PTSD ‡∏Å‡πá‡πÄ‡∏õ‡πá‡∏ô‡∏≠‡∏µ‡∏Å‡∏´‡∏ô‡∏∂‡πà‡∏á‡πÇ‡∏£‡∏Ñ‡∏ó‡∏µ‡πà‡πÄ‡∏Å‡∏¥‡∏î‡∏Ç‡∏∂‡πâ‡∏ô‡πÉ‡∏ô‡∏ú‡∏π‡πâ‡∏Ñ‡∏ô‡πÄ‡∏¢‡∏≠‡∏∞‡∏°‡∏≤‡∏Å‡πÑ‡∏°‡πà‡∏ï‡πà‡∏≤‡∏á‡∏Å‡∏±‡∏ô

‡∏õ‡∏±‡∏à‡∏à‡∏±‡∏¢‡∏ó‡∏µ‡πà‡∏ó‡∏≥‡πÉ‡∏´‡πâ‡πÄ‚Ä¶",,,,huntercat_ning,,4766332344
86,2023-08-25 12:04:47+00:00,"RT @js100radio: ü§î‡∏£‡∏π‡πâ‡πÑ‡∏´‡∏°‡∏ß‡πà‡∏≤‡πÇ‡∏£‡∏Ñ‡∏ó‡∏≤‡∏á‡∏à‡∏¥‡∏ï‡πÉ‡∏à‡πÑ‡∏°‡πà‡πÑ‡∏î‡πâ‡∏°‡∏µ‡πÅ‡∏Ñ‡πà ""‡∏ã‡∏∂‡∏°‡πÄ‡∏®‡∏£‡πâ‡∏≤"" ‡πÇ‡∏£‡∏Ñ PTSD ‡∏Å‡πá‡πÄ‡∏õ‡πá‡∏ô‡∏≠‡∏µ‡∏Å‡∏´‡∏ô‡∏∂‡πà‡∏á‡πÇ‡∏£‡∏Ñ‡∏ó‡∏µ‡πà‡πÄ‡∏Å‡∏¥‡∏î‡∏Ç‡∏∂‡πâ‡∏ô‡πÉ‡∏ô‡∏ú‡∏π‡πâ‡∏Ñ‡∏ô‡πÄ‡∏¢‡∏≠‡∏∞‡∏°‡∏≤‡∏Å‡πÑ‡∏°‡πà‡∏ï‡πà‡∏≤‡∏á‡∏Å‡∏±‡∏ô

‡∏õ‡∏±‡∏à‡∏à‡∏±‡∏¢‡∏ó‡∏µ‡πà‡∏ó‡∏≥‡πÉ‡∏´‡πâ‡πÄ‚Ä¶",,,,auksos,,1016015832864845825
87,2023-08-25 12:04:27+00:00,"RT @js100radio: ü§î‡∏£‡∏π‡πâ‡πÑ‡∏´‡∏°‡∏ß‡πà‡∏≤‡πÇ‡∏£‡∏Ñ‡∏ó‡∏≤‡∏á‡∏à‡∏¥‡∏ï‡πÉ‡∏à‡πÑ‡∏°‡πà‡πÑ‡∏î‡πâ‡∏°‡∏µ‡πÅ‡∏Ñ‡πà ""‡∏ã‡∏∂‡∏°‡πÄ‡∏®‡∏£‡πâ‡∏≤"" ‡πÇ‡∏£‡∏Ñ PTSD ‡∏Å‡πá‡πÄ‡∏õ‡πá‡∏ô‡∏≠‡∏µ‡∏Å‡∏´‡∏ô‡∏∂‡πà‡∏á‡πÇ‡∏£‡∏Ñ‡∏ó‡∏µ‡πà‡πÄ‡∏Å‡∏¥‡∏î‡∏Ç‡∏∂‡πâ‡∏ô‡πÉ‡∏ô‡∏ú‡∏π‡πâ‡∏Ñ‡∏ô‡πÄ‡∏¢‡∏≠‡∏∞‡∏°‡∏≤‡∏Å‡πÑ‡∏°‡πà‡∏ï‡πà‡∏≤‡∏á‡∏Å‡∏±‡∏ô

‡∏õ‡∏±‡∏à‡∏à‡∏±‡∏¢‡∏ó‡∏µ‡πà‡∏ó‡∏≥‡πÉ‡∏´‡πâ‡πÄ‚Ä¶",,,,GusgusKchp,,134083083
88,2023-08-25 12:03:35+00:00,"RT @js100radio: ü§î‡∏£‡∏π‡πâ‡πÑ‡∏´‡∏°‡∏ß‡πà‡∏≤‡πÇ‡∏£‡∏Ñ‡∏ó‡∏≤‡∏á‡∏à‡∏¥‡∏ï‡πÉ‡∏à‡πÑ‡∏°‡πà‡πÑ‡∏î‡πâ‡∏°‡∏µ‡πÅ‡∏Ñ‡πà ""‡∏ã‡∏∂‡∏°‡πÄ‡∏®‡∏£‡πâ‡∏≤"" ‡πÇ‡∏£‡∏Ñ PTSD ‡∏Å‡πá‡πÄ‡∏õ‡πá‡∏ô‡∏≠‡∏µ‡∏Å‡∏´‡∏ô‡∏∂‡πà‡∏á‡πÇ‡∏£‡∏Ñ‡∏ó‡∏µ‡πà‡πÄ‡∏Å‡∏¥‡∏î‡∏Ç‡∏∂‡πâ‡∏ô‡πÉ‡∏ô‡∏ú‡∏π‡πâ‡∏Ñ‡∏ô‡πÄ‡∏¢‡∏≠‡∏∞‡∏°‡∏≤‡∏Å‡πÑ‡∏°‡πà‡∏ï‡πà‡∏≤‡∏á‡∏Å‡∏±‡∏ô

‡∏õ‡∏±‡∏à‡∏à‡∏±‡∏¢‡∏ó‡∏µ‡πà‡∏ó‡∏≥‡πÉ‡∏´‡πâ‡πÄ‚Ä¶",,,,lPAK0RN,,486677269
89,2023-08-25 12:02:00+00:00,"RT @js100radio: ü§î‡∏£‡∏π‡πâ‡πÑ‡∏´‡∏°‡∏ß‡πà‡∏≤‡πÇ‡∏£‡∏Ñ‡∏ó‡∏≤‡∏á‡∏à‡∏¥‡∏ï‡πÉ‡∏à‡πÑ‡∏°‡πà‡πÑ‡∏î‡πâ‡∏°‡∏µ‡πÅ‡∏Ñ‡πà ""‡∏ã‡∏∂‡∏°‡πÄ‡∏®‡∏£‡πâ‡∏≤"" ‡πÇ‡∏£‡∏Ñ PTSD ‡∏Å‡πá‡πÄ‡∏õ‡πá‡∏ô‡∏≠‡∏µ‡∏Å‡∏´‡∏ô‡∏∂‡πà‡∏á‡πÇ‡∏£‡∏Ñ‡∏ó‡∏µ‡πà‡πÄ‡∏Å‡∏¥‡∏î‡∏Ç‡∏∂‡πâ‡∏ô‡πÉ‡∏ô‡∏ú‡∏π‡πâ‡∏Ñ‡∏ô‡πÄ‡∏¢‡∏≠‡∏∞‡∏°‡∏≤‡∏Å‡πÑ‡∏°‡πà‡∏ï‡πà‡∏≤‡∏á‡∏Å‡∏±‡∏ô

‡∏õ‡∏±‡∏à‡∏à‡∏±‡∏¢‡∏ó‡∏µ‡πà‡∏ó‡∏≥‡πÉ‡∏´‡πâ‡πÄ‚Ä¶",,,,twinwaew,,887862859035586561
90,2023-08-25 12:00:49+00:00,"RT @js100radio: ü§î‡∏£‡∏π‡πâ‡πÑ‡∏´‡∏°‡∏ß‡πà‡∏≤‡πÇ‡∏£‡∏Ñ‡∏ó‡∏≤‡∏á‡∏à‡∏¥‡∏ï‡πÉ‡∏à‡πÑ‡∏°‡πà‡πÑ‡∏î‡πâ‡∏°‡∏µ‡πÅ‡∏Ñ‡πà ""‡∏ã‡∏∂‡∏°‡πÄ‡∏®‡∏£‡πâ‡∏≤"" ‡πÇ‡∏£‡∏Ñ PTSD ‡∏Å‡πá‡πÄ‡∏õ‡πá‡∏ô‡∏≠‡∏µ‡∏Å‡∏´‡∏ô‡∏∂‡πà‡∏á‡πÇ‡∏£‡∏Ñ‡∏ó‡∏µ‡πà‡πÄ‡∏Å‡∏¥‡∏î‡∏Ç‡∏∂‡πâ‡∏ô‡πÉ‡∏ô‡∏ú‡∏π‡πâ‡∏Ñ‡∏ô‡πÄ‡∏¢‡∏≠‡∏∞‡∏°‡∏≤‡∏Å‡πÑ‡∏°‡πà‡∏ï‡πà‡∏≤‡∏á‡∏Å‡∏±‡∏ô

‡∏õ‡∏±‡∏à‡∏à‡∏±‡∏¢‡∏ó‡∏µ‡πà‡∏ó‡∏≥‡πÉ‡∏´‡πâ‡πÄ‚Ä¶",,,,OIL_RANGER36,,522367675
91,2023-08-25 12:00:02+00:00,"#‡∏ß‡∏±‡∏ô‡∏ô‡∏µ‡πâ‡∏Ñ‡∏∏‡∏ì‡∏£‡∏π‡πâ‡∏™‡∏∂‡∏Å‡∏≠‡∏¢‡πà‡∏≤‡∏á‡πÑ‡∏£

#‡∏à‡∏¥‡∏ï‡πÉ‡∏à #‡∏ã‡∏∂‡∏°‡πÄ‡∏®‡∏£‡πâ‡∏≤ #‡∏™‡∏∏‡∏Ç #‡∏ó‡∏∏‡∏Å‡∏Ç‡πå #‡∏õ‡∏£‡∏∞‡∏´‡∏•‡∏≤‡∏î‡πÉ‡∏à #‡∏£‡∏π‡πâ‡∏™‡∏∂‡∏Å‡πÅ‡∏¢‡πà #‡πÇ‡∏Å‡∏£‡∏ò #‡πÄ‡∏™‡∏µ‡∏¢‡πÉ‡∏à #‡∏£‡∏±‡∏á‡πÄ‡∏Å‡∏µ‡∏¢‡∏à #‡∏Å‡∏•‡∏±‡∏ß https://t.co/N46KksuEIe",,,,YcDrugstore,,1475638270633472000
92,2023-08-25 12:00:02+00:00,"ü§î‡∏£‡∏π‡πâ‡πÑ‡∏´‡∏°‡∏ß‡πà‡∏≤‡πÇ‡∏£‡∏Ñ‡∏ó‡∏≤‡∏á‡∏à‡∏¥‡∏ï‡πÉ‡∏à‡πÑ‡∏°‡πà‡πÑ‡∏î‡πâ‡∏°‡∏µ‡πÅ‡∏Ñ‡πà ""‡∏ã‡∏∂‡∏°‡πÄ‡∏®‡∏£‡πâ‡∏≤"" ‡πÇ‡∏£‡∏Ñ PTSD ‡∏Å‡πá‡πÄ‡∏õ‡πá‡∏ô‡∏≠‡∏µ‡∏Å‡∏´‡∏ô‡∏∂‡πà‡∏á‡πÇ‡∏£‡∏Ñ‡∏ó‡∏µ‡πà‡πÄ‡∏Å‡∏¥‡∏î‡∏Ç‡∏∂‡πâ‡∏ô‡πÉ‡∏ô‡∏ú‡∏π‡πâ‡∏Ñ‡∏ô‡πÄ‡∏¢‡∏≠‡∏∞‡∏°‡∏≤‡∏Å‡πÑ‡∏°‡πà‡∏ï‡πà‡∏≤‡∏á‡∏Å‡∏±‡∏ô

‡∏õ‡∏±‡∏à‡∏à‡∏±‡∏¢‡∏ó‡∏µ‡πà‡∏ó‡∏≥‡πÉ‡∏´‡πâ‡πÄ‡∏Å‡∏¥‡∏î‡∏†‡∏≤‡∏ß‡∏∞ PTSD ‡πÅ‡∏•‡∏∞‡∏ß‡∏¥‡∏ò‡∏µ‡∏Å‡∏≤‡∏£‡∏£‡∏±‡∏Å‡∏©‡∏≤ ‡∏≠‡πà‡∏≤‡∏ô‡πÄ‡∏û‡∏¥‡πà‡∏°‡πÄ‡∏ï‡∏¥‡∏° : https://t.co/MqQcaRvIoa
#PTSD #Posttraumaticstressdisorder #‡∏Ñ‡∏ß‡∏≤‡∏°‡πÄ‡∏Ñ‡∏£‡∏µ‡∏¢‡∏î #‡∏ã‡∏∂‡∏°‡πÄ‡∏®‡∏£‡πâ‡∏≤ https://t.co/V3C5zlG49w",,,,js100radio,,91053979
93,2023-08-25 10:15:24+00:00,"‡∏â‡∏±‡∏ô‡∏Å‡πá‡∏´‡∏≤‡∏ß‡∏¥‡∏ò‡∏µ‡∏ó‡∏µ‡πà‡∏à‡∏∞‡∏ó‡∏≥‡πÉ‡∏´‡πâ‡∏ï‡∏±‡∏ß‡πÄ‡∏≠‡∏á‡∏î‡∏µ‡∏Ç‡∏∂‡πâ‡∏ô‡πÄ‡∏´‡∏°‡∏∑‡∏≠‡∏ô‡∏Å‡∏±‡∏ô‚Ä¶
‡∏â‡∏±‡∏ô‡πÄ‡∏≠‡∏á‡∏Å‡πá‡πÑ‡∏°‡πà‡∏≠‡∏¢‡∏≤‡∏Å‡πÄ‡∏õ‡πá‡∏ô‡πÅ‡∏ö‡∏ö‡∏ô‡∏µ‡πâ üò¢

#‡πÇ‡∏£‡∏Ñ‡∏ã‡∏∂‡∏°‡πÄ‡∏®‡∏£‡πâ‡∏≤ #‡πÄ‡∏®‡∏£‡πâ‡∏≤ #‡∏≠‡∏Å‡∏´‡∏±‡∏Å #‡πÄ‡∏´‡∏á‡∏≤ #‡∏£‡πâ‡∏≠‡∏á‡πÑ‡∏´‡πâ #‡∏ã‡∏∂‡∏°‡πÄ‡∏®‡∏£‡πâ‡∏≤ https://t.co/dmNhWJmTbi",,,,Against2212,,1677176816350683136
94,2023-08-25 10:11:54+00:00,"‡πÄ‡∏£‡∏≤‡∏û‡∏¢‡∏≤‡∏¢‡∏≤‡∏°‡πÅ‡∏Ñ‡πà‡πÑ‡∏´‡∏ô ‡∏Å‡πá‡∏°‡∏µ‡πÅ‡∏ï‡πà‡πÄ‡∏£‡∏≤‡πÄ‡∏ó‡πà‡∏≤‡∏ô‡∏±‡πâ‡∏ô‡∏ó‡∏µ‡πà‡∏£‡∏π‡πâ 

#‡πÇ‡∏£‡∏Ñ‡∏ã‡∏∂‡∏°‡πÄ‡∏®‡∏£‡πâ‡∏≤ #‡∏£‡πâ‡∏≠‡∏á‡πÑ‡∏´‡πâ #‡πÄ‡∏™‡∏µ‡∏¢‡πÉ‡∏à #‡∏ã‡∏∂‡∏°‡πÄ‡∏®‡∏£‡πâ‡∏≤ #‡πÄ‡∏®‡∏£‡πâ‡∏≤",,,,Against2212,,1677176816350683136
95,2023-08-25 09:11:10+00:00,"RT @tawan247: ‡πÅ‡∏Å‡πÑ‡∏õ‡πÑ‡∏î‡πâ‡∏î‡∏µ ‡πÅ‡∏ï‡πà‡πÄ‡∏£‡∏≤‡∏¢‡∏±‡∏á‡∏¢‡∏∑‡∏ô‡∏£‡∏±‡∏Å‡∏©‡∏≤‡πÅ‡∏ú‡∏•‡∏ï‡∏±‡∏ß‡πÄ‡∏≠‡∏á‡∏ó‡∏µ‡πà‡πÄ‡∏î‡∏¥‡∏°‡∏≠‡∏¢‡∏π‡πà‡πÄ‡∏•‡∏¢.......

#‡πÄ‡∏ò‡∏£‡∏î‡πÄ‡∏®‡∏£‡πâ‡∏≤ #‡∏Ñ‡∏ß‡∏≤‡∏°‡∏£‡∏π‡πâ‡∏™‡∏∂‡∏Å‡∏Ç‡∏≠‡∏á‡∏ß‡∏±‡∏ô‡∏ô‡∏µ‡πâ #‡∏ã‡∏∂‡∏°‡πÄ‡∏®‡∏£‡πâ‡∏≤ https://t.co/9kxb0y3G8Q",,,,44nanyGuss,,1531510420933988352
96,2023-08-25 08:11:46+00:00,"‡∏ï‡∏≠‡∏ô‡∏ô‡∏µ‡πâ‡πÑ‡∏°‡πà‡∏Å‡∏•‡πâ‡∏≤‡∏Ñ‡∏∏‡∏¢‡∏Å‡∏±‡∏ö‡πÉ‡∏Ñ‡∏£‡πÄ‡∏•‡∏¢ ‡πÅ‡∏Ñ‡πà‡∏ï‡∏≠‡∏ô‡∏ô‡∏µ‡πâ‡∏ú‡∏° ‡πÑ‡∏°‡πà‡∏≠‡∏¢‡∏≤‡∏Å‡∏û‡∏≤‡πÉ‡∏Ñ‡∏£‡∏°‡∏≤‡∏ß‡∏¥‡∏ï‡∏Å‡∏Å‡∏±‡∏á‡∏ß‡∏•‡πÑ‡∏õ‡∏î‡πâ‡∏ß‡∏¢ ‡∏ú‡∏°‡∏£‡∏π‡πâ‡∏™‡∏∂‡∏Å‡∏ß‡πà‡∏≤‡∏ï‡∏±‡∏ß‡πÄ‡∏≠‡∏á‡πÄ‡∏Ç‡πâ‡∏≤‡∏Ç‡∏±‡πâ‡∏ô Introvert / Dead air ‡πÑ‡∏õ‡πÅ‡∏•‡πâ‡∏ß ‡πÉ‡∏ä‡πâ‡∏ä‡∏µ‡∏ß‡∏¥‡∏ï‡πÅ‡∏ï‡πà‡∏•‡∏∞‡∏ß‡∏±‡∏ô ‡∏°‡∏≠‡∏á‡πÑ‡∏õ‡∏Å‡πá‡πÑ‡∏°‡πà‡∏£‡∏π‡πâ‡∏à‡∏∞‡πÄ‡∏£‡∏¥‡πà‡∏°‡∏ï‡πâ‡∏ô‡∏¢‡∏±‡∏á‡πÑ‡∏á ‡∏û‡∏ö‡πÄ‡∏à‡∏≠‡πÅ‡∏ï‡πà‡∏Ñ‡∏ô‡∏õ‡∏±‡πà‡∏ô‡∏´‡∏±‡∏ß‡∏´‡∏•‡∏≠‡∏Å‡∏ö‡πâ‡∏≤‡∏á ‡∏ú‡∏°‡πÄ‡∏≠‡∏á‡∏Å‡πá‡πÄ‡∏£‡∏¥‡πà‡∏°‡∏´‡∏°‡∏î passhion ‡∏ú‡∏°‡∏Ç‡∏≠‡∏£‡∏±‡∏Å‡∏©‡∏≤‡∏ï‡∏±‡∏ß‡∏ã‡∏±‡∏Å‡∏û‡∏±‡∏Å ‡∏à‡∏∞‡∏Å‡∏•‡∏±‡∏ö‡∏°‡∏≤‡πÄ‡∏•‡πà‡∏ô‡∏ô‡∏∞‡∏Ñ‡∏£‡∏±‡∏ö
#‡∏ã‡∏∂‡∏°‡πÄ‡∏®‡∏£‡πâ‡∏≤ #deadair https://t.co/BT8qb22rao",,,,mr_dnk969,,1588621438784716800
97,2023-08-25 07:49:59+00:00,"RT @chewycloudbake: üôèüèº‡πÉ‡∏Ñ‡∏£‡πÄ‡∏´‡πá‡∏ô‡∏ù‡∏≤‡∏Å rt ‡∏´‡∏ô‡πà‡∏≠‡∏¢‡∏ô‡∏∞‡∏Ñ‡∏∞

‡∏û‡∏£‡πâ‡∏≠‡∏°‡∏™‡πà‡∏á #‡∏Ç‡∏ô‡∏°‡πÇ‡∏Æ‡∏°‡πÄ‡∏°‡∏î ‡∏≠‡∏£‡πà‡∏≠‡∏¢‡∏à‡∏£‡∏¥‡∏á!ü™Ñ
‡∏£‡∏≠‡∏ö‡∏™‡πà‡∏á‡∏†‡∏≤‡∏¢‡πÉ‡∏ô 1-2 ‡∏ß‡∏±‡∏ô #‡∏≠‡∏£‡πà‡∏≠‡∏¢‡∏ö‡∏≠‡∏Å‡∏ï‡πà‡∏≠ ‡∏ï‡πâ‡∏≠‡∏á‡∏•‡∏≠‡∏á!
üßà‡πÉ‡∏ä‡πâ‡πÄ‡∏ô‡∏¢‡πÅ‡∏ó‡πâ 100% ‡πÅ‡∏•‚Ä¶",,,,bababoo101,,1597383979749236738
98,2023-08-25 07:46:40+00:00,"RT @chewycloudbake: üôèüèº‡πÉ‡∏Ñ‡∏£‡πÄ‡∏´‡πá‡∏ô‡∏ù‡∏≤‡∏Å rt ‡∏´‡∏ô‡πà‡∏≠‡∏¢‡∏ô‡∏∞‡∏Ñ‡∏∞

‡∏û‡∏£‡πâ‡∏≠‡∏°‡∏™‡πà‡∏á #‡∏Ç‡∏ô‡∏°‡πÇ‡∏Æ‡∏°‡πÄ‡∏°‡∏î ‡∏≠‡∏£‡πà‡∏≠‡∏¢‡∏à‡∏£‡∏¥‡∏á!ü™Ñ
‡∏£‡∏≠‡∏ö‡∏™‡πà‡∏á‡∏†‡∏≤‡∏¢‡πÉ‡∏ô 1-2 ‡∏ß‡∏±‡∏ô #‡∏≠‡∏£‡πà‡∏≠‡∏¢‡∏ö‡∏≠‡∏Å‡∏ï‡πà‡∏≠ ‡∏ï‡πâ‡∏≠‡∏á‡∏•‡∏≠‡∏á!
üßà‡πÉ‡∏ä‡πâ‡πÄ‡∏ô‡∏¢‡πÅ‡∏ó‡πâ 100% ‡πÅ‡∏•‚Ä¶",,,,nornorNAANA,,1273729098624294912
99,2023-08-25 07:40:42+00:00,"RT @chewycloudbake: üôèüèº‡πÉ‡∏Ñ‡∏£‡πÄ‡∏´‡πá‡∏ô‡∏ù‡∏≤‡∏Å rt ‡∏´‡∏ô‡πà‡∏≠‡∏¢‡∏ô‡∏∞‡∏Ñ‡∏∞

‡∏û‡∏£‡πâ‡∏≠‡∏°‡∏™‡πà‡∏á #‡∏Ç‡∏ô‡∏°‡πÇ‡∏Æ‡∏°‡πÄ‡∏°‡∏î ‡∏≠‡∏£‡πà‡∏≠‡∏¢‡∏à‡∏£‡∏¥‡∏á!ü™Ñ
‡∏£‡∏≠‡∏ö‡∏™‡πà‡∏á‡∏†‡∏≤‡∏¢‡πÉ‡∏ô 1-2 ‡∏ß‡∏±‡∏ô #‡∏≠‡∏£‡πà‡∏≠‡∏¢‡∏ö‡∏≠‡∏Å‡∏ï‡πà‡∏≠ ‡∏ï‡πâ‡∏≠‡∏á‡∏•‡∏≠‡∏á!
üßà‡πÉ‡∏ä‡πâ‡πÄ‡∏ô‡∏¢‡πÅ‡∏ó‡πâ 100% ‡πÅ‡∏•‚Ä¶",,,,plugyig48,,1553370987155976192
